model,train_variant,test_set,seed,tag,n,accuracy,precision_macro,recall_macro,f1_macro,f1_weighted,f1_not_hate,f1_hate,timestamp
banglabert-nct_smoke,clean,augmented,42,smoke,500,0.56,0.6831494864967669,0.5309427414690573,0.4224630376344086,0.4405006720430107,0.7043010752688172,0.140625,2026-07-06T16:00Z
banglabert-nct_smoke,clean,bidwesh_barishal,42,smoke,140,0.5357142857142857,0.5776515151515151,0.5167654876303414,0.408130081300813,0.4199070847851336,0.6829268292682927,0.1333333333333333,2026-07-06T16:01Z
banglabert-nct_smoke,clean,bidwesh_chittagong,42,smoke,197,0.5380710659898477,0.5230061349693251,0.5132179141613105,0.4668550185873606,0.4816916951295454,0.6617100371747212,0.272,2026-07-06T16:01Z
banglabert-nct_smoke,clean,bidwesh_heldout,42,smoke,500,0.514,0.5166666666666666,0.5060024009603842,0.415795167688424,0.420585647313379,0.6553191489361702,0.1762711864406779,2026-07-06T16:01Z
banglabert-nct_smoke,clean,bidwesh_noakhali,42,smoke,163,0.4662576687116564,0.482258064516129,0.4966727162734422,0.3537935748462064,0.3356008537797366,0.6233766233766234,0.0842105263157894,2026-07-06T16:01Z
banglabert-nct_smoke,clean,clean,42,smoke,500,0.548,0.6871584699453552,0.5176081228712808,0.39078303249876,0.4105898945461603,0.7002652519893899,0.08130081300813,2026-07-06T16:00Z
majority,clean,augmented,42,full,5028,0.5194908512330947,0.2597454256165473,0.5,0.3418848167539267,0.3552120689583359,0.6837696335078534,0.0,2026-07-06T16:11Z
majority,clean,bidwesh_barishal,42,full,1439,0.5093815149409312,0.2546907574704656,0.5,0.3374769797421731,0.3438090703975162,0.6749539594843462,0.0,2026-07-06T16:11Z
majority,clean,bidwesh_chittagong,42,full,1494,0.5033467202141901,0.251673360107095,0.5,0.3348174532502226,0.3370585339279349,0.6696349065004452,0.0,2026-07-06T16:11Z
majority,clean,bidwesh_heldout,42,full,4408,0.5049909255898367,0.2524954627949183,0.5,0.3355441664154356,0.338893518348802,0.6710883328308712,0.0,2026-07-06T16:11Z
majority,clean,bidwesh_noakhali,42,full,1475,0.5023728813559322,0.2511864406779661,0.5,0.3343862815884476,0.335973199534969,0.6687725631768953,0.0,2026-07-06T16:11Z
majority,clean,clean,42,full,5028,0.5194908512330947,0.2597454256165473,0.5,0.3418848167539267,0.3552120689583359,0.6837696335078534,0.0,2026-07-06T16:11Z
tfidf_lr,aug_dia,augmented,42,full,5028,0.889618138424821,0.8905910300499109,0.8886348539091102,0.8892211303109628,0.8894796472223125,0.8958528804653781,0.8825893801565475,2026-07-06T16:13Z
tfidf_lr,aug_dia,augmented,43,full,5028,0.889618138424821,0.8905910300499109,0.8886348539091102,0.8892211303109628,0.8894796472223125,0.8958528804653781,0.8825893801565475,2026-07-06T16:16Z
tfidf_lr,aug_dia,augmented,44,full,5028,0.889618138424821,0.8905910300499109,0.8886348539091102,0.8892211303109628,0.8894796472223125,0.8958528804653781,0.8825893801565475,2026-07-06T16:18Z
tfidf_lr,aug_dia,bidwesh_barishal,42,full,1439,0.8957609451007644,0.8960420657495017,0.8955155382243023,0.8956677841838452,0.8957262805735386,0.8987854251012146,0.8925501432664756,2026-07-06T16:13Z
tfidf_lr,aug_dia,bidwesh_barishal,43,full,1439,0.8957609451007644,0.8960420657495017,0.8955155382243023,0.8956677841838452,0.8957262805735386,0.8987854251012146,0.8925501432664756,2026-07-06T16:16Z
tfidf_lr,aug_dia,bidwesh_barishal,44,full,1439,0.8957609451007644,0.8960420657495017,0.8955155382243023,0.8956677841838452,0.8957262805735386,0.8987854251012146,0.8925501432664756,2026-07-06T16:18Z
tfidf_lr,aug_dia,bidwesh_chittagong,42,full,1494,0.8614457831325302,0.8618287047422495,0.8613365257785169,0.8613781501756876,0.8613986450110944,0.8644400785854617,0.8583162217659137,2026-07-06T16:13Z
tfidf_lr,aug_dia,bidwesh_chittagong,43,full,1494,0.8614457831325302,0.8618287047422495,0.8613365257785169,0.8613781501756876,0.8613986450110944,0.8644400785854617,0.8583162217659137,2026-07-06T16:16Z
tfidf_lr,aug_dia,bidwesh_chittagong,44,full,1494,0.8614457831325302,0.8618287047422495,0.8613365257785169,0.8613781501756876,0.8613986450110944,0.8644400785854617,0.8583162217659137,2026-07-06T16:18Z
tfidf_lr,aug_dia,bidwesh_heldout,42,full,4408,0.8781760435571688,0.8781988436749614,0.8781299334669102,0.8781542146817136,0.87817049384307,0.8797850906648758,0.8765233386985514,2026-07-06T16:13Z
tfidf_lr,aug_dia,bidwesh_heldout,43,full,4408,0.8781760435571688,0.8781988436749614,0.8781299334669102,0.8781542146817136,0.87817049384307,0.8797850906648758,0.8765233386985514,2026-07-06T16:16Z
tfidf_lr,aug_dia,bidwesh_heldout,44,full,4408,0.8781760435571688,0.8781988436749614,0.8781299334669102,0.8781542146817136,0.87817049384307,0.8797850906648758,0.8765233386985514,2026-07-06T16:18Z
tfidf_lr,aug_dia,bidwesh_noakhali,42,full,1475,0.8779661016949153,0.8783243726609333,0.87804057408245,0.8779498891205773,0.8779432133546732,0.8765432098765432,0.8793565683646113,2026-07-06T16:13Z
tfidf_lr,aug_dia,bidwesh_noakhali,43,full,1475,0.8779661016949153,0.8783243726609333,0.87804057408245,0.8779498891205773,0.8779432133546732,0.8765432098765432,0.8793565683646113,2026-07-06T16:16Z
tfidf_lr,aug_dia,bidwesh_noakhali,44,full,1475,0.8779661016949153,0.8783243726609333,0.87804057408245,0.8779498891205773,0.8779432133546732,0.8765432098765432,0.8793565683646113,2026-07-06T16:18Z
tfidf_lr,aug_dia,clean,42,full,5028,0.9049323786793954,0.9054684440217088,0.9042286365526404,0.9046615171748458,0.904859609916979,0.9097432024169184,0.8995798319327731,2026-07-06T16:13Z
tfidf_lr,aug_dia,clean,43,full,5028,0.9049323786793954,0.9054684440217088,0.9042286365526404,0.9046615171748458,0.904859609916979,0.9097432024169184,0.8995798319327731,2026-07-06T16:16Z
tfidf_lr,aug_dia,clean,44,full,5028,0.9049323786793954,0.9054684440217088,0.9042286365526404,0.9046615171748458,0.904859609916979,0.9097432024169184,0.8995798319327731,2026-07-06T16:18Z
tfidf_lr,augmented,augmented,42,full,5028,0.8929992044550518,0.8938737109545384,0.8920754185978115,0.8926321093921541,0.8928768394340858,0.8989101841413003,0.886354034643008,2026-07-06T16:12Z
tfidf_lr,augmented,augmented,43,full,5028,0.8929992044550518,0.8938737109545384,0.8920754185978115,0.8926321093921541,0.8928768394340858,0.8989101841413003,0.886354034643008,2026-07-06T16:15Z
tfidf_lr,augmented,augmented,44,full,5028,0.8929992044550518,0.8938737109545384,0.8920754185978115,0.8926321093921541,0.8928768394340858,0.8989101841413003,0.886354034643008,2026-07-06T16:17Z
tfidf_lr,augmented,bidwesh_barishal,42,full,1439,0.8943710910354413,0.8945341662959596,0.8941773688014253,0.8942934467427025,0.8943472004838293,0.8971583220568335,0.8914285714285715,2026-07-06T16:12Z
tfidf_lr,augmented,bidwesh_barishal,43,full,1439,0.8943710910354413,0.8945341662959596,0.8941773688014253,0.8942934467427025,0.8943472004838293,0.8971583220568335,0.8914285714285715,2026-07-06T16:15Z
tfidf_lr,augmented,bidwesh_barishal,44,full,1439,0.8943710910354413,0.8945341662959596,0.8941773688014253,0.8942934467427025,0.8943472004838293,0.8971583220568335,0.8914285714285715,2026-07-06T16:17Z
tfidf_lr,augmented,bidwesh_chittagong,42,full,1494,0.8333333333333334,0.8368382314284213,0.8329898348339737,0.8327920888560871,0.8328557646769394,0.8423052564914503,0.8232789212207239,2026-07-06T16:12Z
tfidf_lr,augmented,bidwesh_chittagong,43,full,1494,0.8333333333333334,0.8368382314284213,0.8329898348339737,0.8327920888560871,0.8328557646769394,0.8423052564914503,0.8232789212207239,2026-07-06T16:15Z
tfidf_lr,augmented,bidwesh_chittagong,44,full,1494,0.8333333333333334,0.8368382314284213,0.8329898348339737,0.8327920888560871,0.8328557646769394,0.8423052564914503,0.8232789212207239,2026-07-06T16:17Z
tfidf_lr,augmented,bidwesh_heldout,42,full,4408,0.8632032667876588,0.8636401320116223,0.8630288408879974,0.8631100951067245,0.8631457434020384,0.866681406146363,0.859538784067086,2026-07-06T16:12Z
tfidf_lr,augmented,bidwesh_heldout,43,full,4408,0.8632032667876588,0.8636401320116223,0.8630288408879974,0.8631100951067245,0.8631457434020384,0.866681406146363,0.859538784067086,2026-07-06T16:15Z
tfidf_lr,augmented,bidwesh_heldout,44,full,4408,0.8632032667876588,0.8636401320116223,0.8630288408879974,0.8631100951067245,0.8631457434020384,0.866681406146363,0.859538784067086,2026-07-06T16:17Z
tfidf_lr,augmented,bidwesh_noakhali,42,full,1475,0.8630508474576272,0.8631954022988506,0.8630992436026137,0.8630457485576022,0.8630417827464716,0.8622100954979536,0.8638814016172507,2026-07-06T16:12Z
tfidf_lr,augmented,bidwesh_noakhali,43,full,1475,0.8630508474576272,0.8631954022988506,0.8630992436026137,0.8630457485576022,0.8630417827464716,0.8622100954979536,0.8638814016172507,2026-07-06T16:15Z
tfidf_lr,augmented,bidwesh_noakhali,44,full,1475,0.8630508474576272,0.8631954022988506,0.8630992436026137,0.8630457485576022,0.8630417827464716,0.8622100954979536,0.8638814016172507,2026-07-06T16:17Z
tfidf_lr,augmented,clean,42,full,5028,0.9053301511535402,0.9059853905025546,0.90456489660558,0.90504403004403,0.9052472174986096,0.9102564102564102,0.8998316498316499,2026-07-06T16:12Z
tfidf_lr,augmented,clean,43,full,5028,0.9053301511535402,0.9059853905025546,0.90456489660558,0.90504403004403,0.9052472174986096,0.9102564102564102,0.8998316498316499,2026-07-06T16:15Z
tfidf_lr,augmented,clean,44,full,5028,0.9053301511535402,0.9059853905025546,0.90456489660558,0.90504403004403,0.9052472174986096,0.9102564102564102,0.8998316498316499,2026-07-06T16:17Z
tfidf_lr,clean,augmented,42,full,5028,0.8802704852824185,0.8825399640098253,0.8787682676997657,0.8796326916460397,0.8799742423365595,0.8883945124212087,0.8708708708708709,2026-07-06T16:11Z
tfidf_lr,clean,augmented,43,full,5028,0.8802704852824185,0.8825399640098253,0.8787682676997657,0.8796326916460397,0.8799742423365595,0.8883945124212087,0.8708708708708709,2026-07-06T16:14Z
tfidf_lr,clean,augmented,44,full,5028,0.8802704852824185,0.8825399640098253,0.8787682676997657,0.8796326916460397,0.8799742423365595,0.8883945124212087,0.8708708708708709,2026-07-06T16:17Z
tfidf_lr,clean,bidwesh_barishal,42,full,1439,0.8853370396108409,0.8853825928933226,0.8852053534506413,0.8852729921505245,0.8853238533690111,0.8879837067209776,0.8825622775800712,2026-07-06T16:11Z
tfidf_lr,clean,bidwesh_barishal,43,full,1439,0.8853370396108409,0.8853825928933226,0.8852053534506413,0.8852729921505245,0.8853238533690111,0.8879837067209776,0.8825622775800712,2026-07-06T16:14Z
tfidf_lr,clean,bidwesh_barishal,44,full,1439,0.8853370396108409,0.8853825928933226,0.8852053534506413,0.8852729921505245,0.8853238533690111,0.8879837067209776,0.8825622775800712,2026-07-06T16:17Z
tfidf_lr,clean,bidwesh_chittagong,42,full,1494,0.8159303882195449,0.8214671158955817,0.8154875408613866,0.8149813540293624,0.8150700488134917,0.8282323547782636,0.8017303532804614,2026-07-06T16:11Z
tfidf_lr,clean,bidwesh_chittagong,43,full,1494,0.8159303882195449,0.8214671158955817,0.8154875408613866,0.8149813540293624,0.8150700488134917,0.8282323547782636,0.8017303532804614,2026-07-06T16:14Z
tfidf_lr,clean,bidwesh_chittagong,44,full,1494,0.8159303882195449,0.8214671158955817,0.8154875408613866,0.8149813540293624,0.8150700488134917,0.8282323547782636,0.8017303532804614,2026-07-06T16:17Z
tfidf_lr,clean,bidwesh_heldout,42,full,4408,0.8539019963702359,0.85450867032938,0.8536926729600924,0.8537748143514503,0.8538178605731932,0.8580872631115029,0.8494623655913979,2026-07-06T16:11Z
tfidf_lr,clean,bidwesh_heldout,43,full,4408,0.8539019963702359,0.85450867032938,0.8536926729600924,0.8537748143514503,0.8538178605731932,0.8580872631115029,0.8494623655913979,2026-07-06T16:14Z
tfidf_lr,clean,bidwesh_heldout,44,full,4408,0.8539019963702359,0.85450867032938,0.8536926729600924,0.8537748143514503,0.8538178605731932,0.8580872631115029,0.8494623655913979,2026-07-06T16:17Z
tfidf_lr,clean,bidwesh_noakhali,42,full,1475,0.8616949152542372,0.8618814558135428,0.8617497159372967,0.8616872228228494,0.8616823276392387,0.860655737704918,0.8627187079407806,2026-07-06T16:11Z
tfidf_lr,clean,bidwesh_noakhali,43,full,1475,0.8616949152542372,0.8618814558135428,0.8617497159372967,0.8616872228228494,0.8616823276392387,0.860655737704918,0.8627187079407806,2026-07-06T16:14Z
tfidf_lr,clean,bidwesh_noakhali,44,full,1475,0.8616949152542372,0.8618814558135428,0.8617497159372967,0.8616872228228494,0.8616823276392387,0.860655737704918,0.8627187079407806,2026-07-06T16:17Z
tfidf_lr,clean,clean,42,full,5028,0.9039379474940334,0.9048968802590892,0.9030230444306968,0.9036061272158712,0.9038265908583112,0.909261694533158,0.8979505598985844,2026-07-06T16:11Z
tfidf_lr,clean,clean,43,full,5028,0.9039379474940334,0.9048968802590892,0.9030230444306968,0.9036061272158712,0.9038265908583112,0.909261694533158,0.8979505598985844,2026-07-06T16:14Z
tfidf_lr,clean,clean,44,full,5028,0.9039379474940334,0.9048968802590892,0.9030230444306968,0.9036061272158712,0.9038265908583112,0.909261694533158,0.8979505598985844,2026-07-06T16:17Z
tfidf_lr,dialect,augmented,42,full,5028,0.8840493237867939,0.8861397079695479,0.8826227396732351,0.8834618153020266,0.8837843689799381,0.891736304549675,0.8751873260543781,2026-07-06T16:13Z
tfidf_lr,dialect,augmented,43,full,5028,0.8840493237867939,0.8861397079695479,0.8826227396732351,0.8834618153020266,0.8837843689799381,0.891736304549675,0.8751873260543781,2026-07-06T16:15Z
tfidf_lr,dialect,augmented,44,full,5028,0.8840493237867939,0.8861397079695479,0.8826227396732351,0.8834618153020266,0.8837843689799381,0.891736304549675,0.8751873260543781,2026-07-06T16:18Z
tfidf_lr,dialect,bidwesh_barishal,42,full,1439,0.8950660180681028,0.8956969999883766,0.8947029746974868,0.8949288134478585,0.89500005430837,0.8987256874580818,0.8911319394376351,2026-07-06T16:13Z
tfidf_lr,dialect,bidwesh_barishal,43,full,1439,0.8950660180681028,0.8956969999883766,0.8947029746974868,0.8949288134478585,0.89500005430837,0.8987256874580818,0.8911319394376351,2026-07-06T16:15Z
tfidf_lr,dialect,bidwesh_barishal,44,full,1439,0.8950660180681028,0.8956969999883766,0.8947029746974868,0.8949288134478585,0.89500005430837,0.8987256874580818,0.8911319394376351,2026-07-06T16:18Z
tfidf_lr,dialect,bidwesh_chittagong,42,full,1494,0.8587684069611781,0.8597173907181188,0.8585963038366691,0.8586284944975552,0.8586582631068366,0.863075924724205,0.8541810642709053,2026-07-06T16:13Z
tfidf_lr,dialect,bidwesh_chittagong,43,full,1494,0.8587684069611781,0.8597173907181188,0.8585963038366691,0.8586284944975552,0.8586582631068366,0.863075924724205,0.8541810642709053,2026-07-06T16:15Z
tfidf_lr,dialect,bidwesh_chittagong,44,full,1494,0.8587684069611781,0.8597173907181188,0.8585963038366691,0.8586284944975552,0.8586582631068366,0.863075924724205,0.8541810642709053,2026-07-06T16:18Z
tfidf_lr,dialect,bidwesh_heldout,42,full,4408,0.8779491833030852,0.8782663975382667,0.8778056680361992,0.877883796445531,0.8779120025409466,0.880709534368071,0.8750580585229911,2026-07-06T16:13Z
tfidf_lr,dialect,bidwesh_heldout,43,full,4408,0.8779491833030852,0.8782663975382667,0.8778056680361992,0.877883796445531,0.8779120025409466,0.880709534368071,0.8750580585229911,2026-07-06T16:15Z
tfidf_lr,dialect,bidwesh_heldout,44,full,4408,0.8779491833030852,0.8782663975382667,0.8778056680361992,0.877883796445531,0.8779120025409466,0.880709534368071,0.8750580585229911,2026-07-06T16:18Z
tfidf_lr,dialect,bidwesh_noakhali,42,full,1475,0.8806779661016949,0.8806797498097098,0.8806881487936988,0.8806774724951463,0.88067862424376,0.8809201623815968,0.8804347826086957,2026-07-06T16:13Z
tfidf_lr,dialect,bidwesh_noakhali,43,full,1475,0.8806779661016949,0.8806797498097098,0.8806881487936988,0.8806774724951463,0.88067862424376,0.8809201623815968,0.8804347826086957,2026-07-06T16:15Z
tfidf_lr,dialect,bidwesh_noakhali,44,full,1475,0.8806779661016949,0.8806797498097098,0.8806881487936988,0.8806774724951463,0.88067862424376,0.8809201623815968,0.8804347826086957,2026-07-06T16:18Z
tfidf_lr,dialect,clean,42,full,5028,0.9041368337311058,0.9047266101953602,0.903400821983104,0.9038554675722424,0.9040582167161292,0.9090566037735848,0.8986543313708999,2026-07-06T16:13Z
tfidf_lr,dialect,clean,43,full,5028,0.9041368337311058,0.9047266101953602,0.903400821983104,0.9038554675722424,0.9040582167161292,0.9090566037735848,0.8986543313708999,2026-07-06T16:15Z
tfidf_lr,dialect,clean,44,full,5028,0.9041368337311058,0.9047266101953602,0.903400821983104,0.9038554675722424,0.9040582167161292,0.9090566037735848,0.8986543313708999,2026-07-06T16:18Z
tfidf_svm,aug_dia,augmented,42,full,5028,0.887629276054097,0.8877369412978355,0.8871399070008013,0.8873790541500832,0.8875859887204914,0.8926875593542261,0.8820705489459403,2026-07-06T16:14Z
tfidf_svm,aug_dia,augmented,43,full,5028,0.887629276054097,0.8877369412978355,0.8871399070008013,0.8873790541500832,0.8875859887204914,0.8926875593542261,0.8820705489459403,2026-07-06T16:16Z
tfidf_svm,aug_dia,augmented,44,full,5028,0.887629276054097,0.8877369412978355,0.8871399070008013,0.8873790541500832,0.8875859887204914,0.8926875593542261,0.8820705489459403,2026-07-06T16:19Z
tfidf_svm,aug_dia,bidwesh_barishal,42,full,1439,0.8846421125781793,0.88464147792506,0.8845493122678736,0.8845885513296228,0.8846352014493333,0.8870748299319728,0.8821022727272727,2026-07-06T16:14Z
tfidf_svm,aug_dia,bidwesh_barishal,43,full,1439,0.8846421125781793,0.88464147792506,0.8845493122678736,0.8845885513296228,0.8846352014493333,0.8870748299319728,0.8821022727272727,2026-07-06T16:16Z
tfidf_svm,aug_dia,bidwesh_barishal,44,full,1439,0.8846421125781793,0.88464147792506,0.8845493122678736,0.8845885513296228,0.8846352014493333,0.8870748299319728,0.8821022727272727,2026-07-06T16:19Z
tfidf_svm,aug_dia,bidwesh_chittagong,42,full,1494,0.8514056224899599,0.8514051186464979,0.851390004014452,0.8513960352920302,0.8514040246236383,0.852589641434263,0.8502024291497976,2026-07-06T16:14Z
tfidf_svm,aug_dia,bidwesh_chittagong,43,full,1494,0.8514056224899599,0.8514051186464979,0.851390004014452,0.8513960352920302,0.8514040246236383,0.852589641434263,0.8502024291497976,2026-07-06T16:16Z
tfidf_svm,aug_dia,bidwesh_chittagong,44,full,1494,0.8514056224899599,0.8514051186464979,0.851390004014452,0.8513960352920302,0.8514040246236383,0.852589641434263,0.8502024291497976,2026-07-06T16:19Z
tfidf_svm,aug_dia,bidwesh_heldout,42,full,4408,0.867513611615245,0.8675516812037207,0.8675774098789162,0.8675129297629216,0.8675159299131446,0.8678134902670892,0.867212369258754,2026-07-06T16:14Z
tfidf_svm,aug_dia,bidwesh_heldout,43,full,4408,0.867513611615245,0.8675516812037207,0.8675774098789162,0.8675129297629216,0.8675159299131446,0.8678134902670892,0.867212369258754,2026-07-06T16:16Z
tfidf_svm,aug_dia,bidwesh_heldout,44,full,4408,0.867513611615245,0.8675516812037207,0.8675774098789162,0.8675129297629216,0.8675159299131446,0.8678134902670892,0.867212369258754,2026-07-06T16:19Z
tfidf_svm,aug_dia,bidwesh_noakhali,42,full,1475,0.8671186440677966,0.8681378024011471,0.8672443527599127,0.8670520975509257,0.8670379816231047,0.8640776699029126,0.870026525198939,2026-07-06T16:14Z
tfidf_svm,aug_dia,bidwesh_noakhali,43,full,1475,0.8671186440677966,0.8681378024011471,0.8672443527599127,0.8670520975509257,0.8670379816231047,0.8640776699029126,0.870026525198939,2026-07-06T16:16Z
tfidf_svm,aug_dia,bidwesh_noakhali,44,full,1475,0.8671186440677966,0.8681378024011471,0.8672443527599127,0.8670520975509257,0.8670379816231047,0.8640776699029126,0.870026525198939,2026-07-06T16:19Z
tfidf_svm,aug_dia,clean,42,full,5028,0.8997613365155132,0.8997417613890459,0.8994379608125513,0.8995725482953847,0.8997422844932983,0.9039268013724744,0.8952182952182952,2026-07-06T16:14Z
tfidf_svm,aug_dia,clean,43,full,5028,0.8997613365155132,0.8997417613890459,0.8994379608125513,0.8995725482953847,0.8997422844932983,0.9039268013724744,0.8952182952182952,2026-07-06T16:16Z
tfidf_svm,aug_dia,clean,44,full,5028,0.8997613365155132,0.8997417613890459,0.8994379608125513,0.8995725482953847,0.8997422844932983,0.9039268013724744,0.8952182952182952,2026-07-06T16:19Z
tfidf_svm,augmented,augmented,42,full,5028,0.8818615751789977,0.8818748159692961,0.881433310852611,0.8816181506849314,0.881827410337725,0.886986301369863,0.87625,2026-07-06T16:12Z
tfidf_svm,augmented,augmented,43,full,5028,0.8818615751789977,0.8818748159692961,0.881433310852611,0.8816181506849314,0.881827410337725,0.886986301369863,0.87625,2026-07-06T16:15Z
tfidf_svm,augmented,augmented,44,full,5028,0.8818615751789977,0.8818748159692961,0.881433310852611,0.8816181506849314,0.881827410337725,0.886986301369863,0.87625,2026-07-06T16:17Z
tfidf_svm,augmented,bidwesh_barishal,42,full,1439,0.8832522585128562,0.8835310053253569,0.8835502745904331,0.8832522021325915,0.8832537243997355,0.8833333333333333,0.8831710709318498,2026-07-06T16:12Z
tfidf_svm,augmented,bidwesh_barishal,43,full,1439,0.8832522585128562,0.8835310053253569,0.8835502745904331,0.8832522021325915,0.8832537243997355,0.8833333333333333,0.8831710709318498,2026-07-06T16:15Z
tfidf_svm,augmented,bidwesh_barishal,44,full,1439,0.8832522585128562,0.8835310053253569,0.8835502745904331,0.8832522021325915,0.8832537243997355,0.8833333333333333,0.8831710709318498,2026-07-06T16:17Z
tfidf_svm,augmented,bidwesh_chittagong,42,full,1494,0.8179384203480589,0.8190918777267426,0.8177331249641566,0.8177002583979328,0.817744362462771,0.8242894056847545,0.8111111111111111,2026-07-06T16:12Z
tfidf_svm,augmented,bidwesh_chittagong,43,full,1494,0.8179384203480589,0.8190918777267426,0.8177331249641566,0.8177002583979328,0.817744362462771,0.8242894056847545,0.8111111111111111,2026-07-06T16:15Z
tfidf_svm,augmented,bidwesh_chittagong,44,full,1494,0.8179384203480589,0.8190918777267426,0.8177331249641566,0.8177002583979328,0.817744362462771,0.8242894056847545,0.8111111111111111,2026-07-06T16:17Z
tfidf_svm,augmented,bidwesh_heldout,42,full,4408,0.8509528130671506,0.8510030384624174,0.8510217552250999,0.8509524371970439,0.8509547998091433,0.85118912797282,0.8507157464212679,2026-07-06T16:12Z
tfidf_svm,augmented,bidwesh_heldout,43,full,4408,0.8509528130671506,0.8510030384624174,0.8510217552250999,0.8509524371970439,0.8509547998091433,0.85118912797282,0.8507157464212679,2026-07-06T16:15Z
tfidf_svm,augmented,bidwesh_heldout,44,full,4408,0.8509528130671506,0.8510030384624174,0.8510217552250999,0.8509524371970439,0.8509547998091433,0.85118912797282,0.8507157464212679,2026-07-06T16:17Z
tfidf_svm,augmented,bidwesh_noakhali,42,full,1475,0.8528813559322034,0.8547770547654152,0.8530550070418133,0.8527253912330484,0.8527026463810882,0.8479327259985985,0.8575180564674983,2026-07-06T16:12Z
tfidf_svm,augmented,bidwesh_noakhali,43,full,1475,0.8528813559322034,0.8547770547654152,0.8530550070418133,0.8527253912330484,0.8527026463810882,0.8479327259985985,0.8575180564674983,2026-07-06T16:15Z
tfidf_svm,augmented,bidwesh_noakhali,44,full,1475,0.8528813559322034,0.8547770547654152,0.8530550070418133,0.8527253912330484,0.8527026463810882,0.8479327259985985,0.8575180564674983,2026-07-06T16:17Z
tfidf_svm,augmented,clean,42,full,5028,0.90115354017502,0.9010177504102618,0.9009798129874343,0.900998459541298,0.901151202276019,0.904916778266692,0.8970801408159039,2026-07-06T16:12Z
tfidf_svm,augmented,clean,43,full,5028,0.90115354017502,0.9010177504102618,0.9009798129874343,0.900998459541298,0.901151202276019,0.904916778266692,0.8970801408159039,2026-07-06T16:15Z
tfidf_svm,augmented,clean,44,full,5028,0.90115354017502,0.9010177504102618,0.9009798129874343,0.900998459541298,0.901151202276019,0.904916778266692,0.8970801408159039,2026-07-06T16:17Z
tfidf_svm,clean,augmented,42,full,5028,0.8778838504375497,0.8807566786614514,0.8761916473129621,0.8771447004546677,0.8775161707024751,0.8866740494647471,0.8676153514445882,2026-07-06T16:12Z
tfidf_svm,clean,augmented,43,full,5028,0.8778838504375497,0.8807566786614514,0.8761916473129621,0.8771447004546677,0.8775161707024751,0.8866740494647471,0.8676153514445882,2026-07-06T16:14Z
tfidf_svm,clean,augmented,44,full,5028,0.8778838504375497,0.8807566786614514,0.8761916473129621,0.8771447004546677,0.8775161707024751,0.8866740494647471,0.8676153514445882,2026-07-06T16:17Z
tfidf_svm,clean,bidwesh_barishal,42,full,1439,0.8776928422515636,0.877716025517108,0.8775715075227344,0.87762848661018,0.8776811412258575,0.8804347826086957,0.8748221906116643,2026-07-06T16:12Z
tfidf_svm,clean,bidwesh_barishal,43,full,1439,0.8776928422515636,0.877716025517108,0.8775715075227344,0.87762848661018,0.8776811412258575,0.8804347826086957,0.8748221906116643,2026-07-06T16:14Z
tfidf_svm,clean,bidwesh_barishal,44,full,1439,0.8776928422515636,0.877716025517108,0.8775715075227344,0.87762848661018,0.8776811412258575,0.8804347826086957,0.8748221906116643,2026-07-06T16:17Z
tfidf_svm,clean,bidwesh_chittagong,42,full,1494,0.8085676037483266,0.8134177907400656,0.8081468285828983,0.8076711174487944,0.807759008262474,0.8208020050125313,0.7945402298850575,2026-07-06T16:12Z
tfidf_svm,clean,bidwesh_chittagong,43,full,1494,0.8085676037483266,0.8134177907400656,0.8081468285828983,0.8076711174487944,0.807759008262474,0.8208020050125313,0.7945402298850575,2026-07-06T16:14Z
tfidf_svm,clean,bidwesh_chittagong,44,full,1494,0.8085676037483266,0.8134177907400656,0.8081468285828983,0.8076711174487944,0.807759008262474,0.8208020050125313,0.7945402298850575,2026-07-06T16:17Z
tfidf_svm,clean,bidwesh_heldout,42,full,4408,0.8448275862068966,0.8453864533940797,0.8446218879783378,0.8446966325470998,0.8447416478676549,0.8492063492063492,0.8401869158878504,2026-07-06T16:12Z
tfidf_svm,clean,bidwesh_heldout,43,full,4408,0.8448275862068966,0.8453864533940797,0.8446218879783378,0.8446966325470998,0.8447416478676549,0.8492063492063492,0.8401869158878504,2026-07-06T16:14Z
tfidf_svm,clean,bidwesh_heldout,44,full,4408,0.8448275862068966,0.8453864533940797,0.8446218879783378,0.8446966325470998,0.8447416478676549,0.8492063492063492,0.8401869158878504,2026-07-06T16:17Z
tfidf_svm,clean,bidwesh_noakhali,42,full,1475,0.8494915254237289,0.849596172093947,0.8495331810977875,0.8494881355558253,0.8494847456879216,0.8487738419618529,0.8502024291497976,2026-07-06T16:12Z
tfidf_svm,clean,bidwesh_noakhali,43,full,1475,0.8494915254237289,0.849596172093947,0.8495331810977875,0.8494881355558253,0.8494847456879216,0.8487738419618529,0.8502024291497976,2026-07-06T16:14Z
tfidf_svm,clean,bidwesh_noakhali,44,full,1475,0.8494915254237289,0.849596172093947,0.8495331810977875,0.8494881355558253,0.8494847456879216,0.8487738419618529,0.8502024291497976,2026-07-06T16:17Z
tfidf_svm,clean,clean,42,full,5028,0.9017501988862372,0.9028210200395632,0.9007776132572032,0.9013944654893016,0.9016253388197628,0.9073170731707316,0.8954718578078713,2026-07-06T16:12Z
tfidf_svm,clean,clean,43,full,5028,0.9017501988862372,0.9028210200395632,0.9007776132572032,0.9013944654893016,0.9016253388197628,0.9073170731707316,0.8954718578078713,2026-07-06T16:14Z
tfidf_svm,clean,clean,44,full,5028,0.9017501988862372,0.9028210200395632,0.9007776132572032,0.9013944654893016,0.9016253388197628,0.9073170731707316,0.8954718578078713,2026-07-06T16:17Z
tfidf_svm,dialect,augmented,42,full,5028,0.8784805091487669,0.8793143802458206,0.8775113333265723,0.8780550221642687,0.8783358149217152,0.8852582159624414,0.870851828366096,2026-07-06T16:13Z
tfidf_svm,dialect,augmented,43,full,5028,0.8784805091487669,0.8793143802458206,0.8775113333265723,0.8780550221642687,0.8783358149217152,0.8852582159624414,0.870851828366096,2026-07-06T16:16Z
tfidf_svm,dialect,augmented,44,full,5028,0.8784805091487669,0.8793143802458206,0.8775113333265723,0.8780550221642687,0.8783358149217152,0.8852582159624414,0.870851828366096,2026-07-06T16:18Z
tfidf_svm,dialect,bidwesh_barishal,42,full,1439,0.881862404447533,0.8819230962572842,0.8817164510780718,0.8817924750760571,0.8818464205911957,0.8846675712347354,0.8789173789173789,2026-07-06T16:13Z
tfidf_svm,dialect,bidwesh_barishal,43,full,1439,0.881862404447533,0.8819230962572842,0.8817164510780718,0.8817924750760571,0.8818464205911957,0.8846675712347354,0.8789173789173789,2026-07-06T16:16Z
tfidf_svm,dialect,bidwesh_barishal,44,full,1439,0.881862404447533,0.8819230962572842,0.8817164510780718,0.8817924750760571,0.8818464205911957,0.8846675712347354,0.8789173789173789,2026-07-06T16:18Z
tfidf_svm,dialect,bidwesh_chittagong,42,full,1494,0.8427041499330656,0.8428225611232147,0.8426388570281584,0.8426668614528209,0.8426830738355361,0.8450889914304548,0.840244731475187,2026-07-06T16:13Z
tfidf_svm,dialect,bidwesh_chittagong,43,full,1494,0.8427041499330656,0.8428225611232147,0.8426388570281584,0.8426668614528209,0.8426830738355361,0.8450889914304548,0.840244731475187,2026-07-06T16:16Z
tfidf_svm,dialect,bidwesh_chittagong,44,full,1494,0.8427041499330656,0.8428225611232147,0.8426388570281584,0.8426668614528209,0.8426830738355361,0.8450889914304548,0.840244731475187,2026-07-06T16:18Z
tfidf_svm,dialect,bidwesh_heldout,42,full,4408,0.8613883847549909,0.8613861946654892,0.8614221314141761,0.8613846109109475,0.8613918304386828,0.8621078763258858,0.8606613454960091,2026-07-06T16:13Z
tfidf_svm,dialect,bidwesh_heldout,43,full,4408,0.8613883847549909,0.8613861946654892,0.8614221314141761,0.8613846109109475,0.8613918304386828,0.8621078763258858,0.8606613454960091,2026-07-06T16:16Z
tfidf_svm,dialect,bidwesh_heldout,44,full,4408,0.8613883847549909,0.8613861946654892,0.8614221314141761,0.8613846109109475,0.8613918304386828,0.8621078763258858,0.8606613454960091,2026-07-06T16:18Z
tfidf_svm,dialect,bidwesh_noakhali,42,full,1475,0.8603389830508474,0.8614478710381547,0.8604709741236344,0.8602603016924208,0.8602445654207356,0.8569444444444444,0.8635761589403973,2026-07-06T16:13Z
tfidf_svm,dialect,bidwesh_noakhali,43,full,1475,0.8603389830508474,0.8614478710381547,0.8604709741236344,0.8602603016924208,0.8602445654207356,0.8569444444444444,0.8635761589403973,2026-07-06T16:16Z
tfidf_svm,dialect,bidwesh_noakhali,44,full,1475,0.8603389830508474,0.8614478710381547,0.8604709741236344,0.8602603016924208,0.8602445654207356,0.8569444444444444,0.8635761589403973,2026-07-06T16:18Z
tfidf_svm,dialect,clean,42,full,5028,0.9005568814638027,0.9005700400645855,0.9002036575966248,0.9003626419356756,0.9005341326902383,0.9047619047619048,0.8959633791094466,2026-07-06T16:13Z
tfidf_svm,dialect,clean,43,full,5028,0.9005568814638027,0.9005700400645855,0.9002036575966248,0.9003626419356756,0.9005341326902383,0.9047619047619048,0.8959633791094466,2026-07-06T16:16Z
tfidf_svm,dialect,clean,44,full,5028,0.9005568814638027,0.9005700400645855,0.9002036575966248,0.9003626419356756,0.9005341326902383,0.9047619047619048,0.8959633791094466,2026-07-06T16:18Z
tiny-random-electraforsequenceclassification_smoke,clean,augmented,42,smoke,500,0.532,0.266,0.5,0.3472584856396867,0.3694830287206266,0.6945169712793734,0.0,2026-07-06T16:06Z
tiny-random-electraforsequenceclassification_smoke,clean,bidwesh_barishal,42,smoke,140,0.5214285714285715,0.2607142857142857,0.5,0.3427230046948357,0.3574111334674715,0.6854460093896714,0.0,2026-07-06T16:06Z
tiny-random-electraforsequenceclassification_smoke,clean,bidwesh_chittagong,42,smoke,197,0.5380710659898477,0.2690355329949238,0.5,0.3498349834983498,0.3764721649829958,0.6996699669966997,0.0,2026-07-06T16:06Z
tiny-random-electraforsequenceclassification_smoke,clean,bidwesh_heldout,42,smoke,500,0.51,0.255,0.5,0.3377483443708609,0.3445033112582781,0.6754966887417219,0.0,2026-07-06T16:06Z
tiny-random-electraforsequenceclassification_smoke,clean,bidwesh_noakhali,42,smoke,163,0.4662576687116564,0.2331288343558282,0.5,0.3179916317991632,0.2965320738249865,0.6359832635983264,0.0,2026-07-06T16:06Z
tiny-random-electraforsequenceclassification_smoke,clean,clean,42,smoke,500,0.532,0.266,0.5,0.3472584856396867,0.3694830287206266,0.6945169712793734,0.0,2026-07-06T16:06Z
tiny-random-electraforsequenceclassification_smoke-adapt50,clean,augmented,42,smoke,500,0.532,0.266,0.5,0.3472584856396867,0.3694830287206266,0.6945169712793734,0.0,2026-07-06T16:06Z
tiny-random-electraforsequenceclassification_smoke-adapt50,clean,bidwesh_barishal,42,smoke,140,0.5214285714285715,0.2607142857142857,0.5,0.3427230046948357,0.3574111334674715,0.6854460093896714,0.0,2026-07-06T16:06Z
tiny-random-electraforsequenceclassification_smoke-adapt50,clean,bidwesh_chittagong,42,smoke,197,0.5380710659898477,0.2690355329949238,0.5,0.3498349834983498,0.3764721649829958,0.6996699669966997,0.0,2026-07-06T16:06Z
tiny-random-electraforsequenceclassification_smoke-adapt50,clean,bidwesh_heldout,42,smoke,500,0.51,0.255,0.5,0.3377483443708609,0.3445033112582781,0.6754966887417219,0.0,2026-07-06T16:06Z
tiny-random-electraforsequenceclassification_smoke-adapt50,clean,bidwesh_noakhali,42,smoke,163,0.4662576687116564,0.2331288343558282,0.5,0.3179916317991632,0.2965320738249865,0.6359832635983264,0.0,2026-07-06T16:06Z
tiny-random-electraforsequenceclassification_smoke-adapt50,clean,clean,42,smoke,500,0.532,0.266,0.5,0.3472584856396867,0.3694830287206266,0.6945169712793734,0.0,2026-07-06T16:06Z
