row_id,y_true,y_pred,p_hate
0,1,1,0.99427
1,1,0,0.19191
2,1,1,0.99603
3,1,0,0.49617
4,1,1,0.99612
5,1,1,0.9778
6,1,0,0.03568
7,1,1,0.87047
8,1,1,0.98482
9,1,1,0.95094
10,1,1,0.98466
11,1,1,0.88211
12,1,1,0.99258
13,1,1,0.99797
14,1,1,0.99361
15,1,1,0.84767
16,1,1,0.99798
17,1,1,0.99789
18,1,1,0.94038
19,1,1,0.99734
20,1,1,0.99783
21,1,1,0.99779
22,1,1,0.99792
23,1,1,0.99742
24,1,1,0.9916
25,1,1,0.99655
26,1,1,0.9979
27,1,1,0.99814
28,1,1,0.99771
29,1,1,0.99689
30,1,1,0.99121
31,1,1,0.99782
32,1,1,0.89686
33,1,1,0.99751
34,1,1,0.99646
35,1,0,0.00624
36,1,1,0.99379
37,1,1,0.96028
38,1,1,0.99805
39,1,1,0.96755
40,1,1,0.99795
41,1,1,0.99787
42,1,1,0.94532
43,1,1,0.99707
44,1,1,0.94459
45,1,1,0.99217
46,1,0,0.29194
47,1,1,0.98244
48,1,1,0.99657
49,1,1,0.99747
50,1,1,0.96287
51,1,1,0.99797
52,1,1,0.98799
53,1,1,0.99442
54,1,1,0.99367
55,1,1,0.99771
56,1,1,0.9979
57,1,1,0.99793
58,1,1,0.99807
59,1,1,0.99792
60,1,1,0.99794
61,1,1,0.99786
62,1,1,0.99794
63,1,1,0.99764
64,1,1,0.99806
65,1,1,0.97809
66,1,1,0.99495
67,1,1,0.94691
68,1,1,0.91938
69,1,1,0.98024
70,1,1,0.95407
71,1,0,0.02988
72,1,1,0.85889
73,1,1,0.99648
74,1,1,0.9968
75,1,1,0.99806
76,1,1,0.94594
77,1,1,0.90945
78,1,1,0.88964
79,1,1,0.9949
80,1,1,0.99729
81,1,1,0.90943
82,1,1,0.99793
83,1,1,0.99805
84,1,1,0.99762
85,1,1,0.66066
86,1,1,0.98597
87,1,1,0.998
88,1,1,0.99751
89,1,1,0.99796
90,1,1,0.9981
91,1,1,0.9933
92,1,1,0.9181
93,1,1,0.99782
94,1,1,0.99431
95,1,1,0.93291
96,1,1,0.89787
97,1,1,0.99747
98,1,1,0.99773
99,1,1,0.99799
100,1,1,0.71198
101,1,1,0.99689
102,1,1,0.98395
103,1,1,0.99813
104,1,1,0.85629
105,1,1,0.97087
106,1,1,0.99654
107,1,1,0.99788
108,1,1,0.99646
109,1,1,0.99763
110,1,1,0.99741
111,1,1,0.99567
112,1,1,0.99562
113,1,1,0.99807
114,1,1,0.99813
115,1,1,0.99809
116,1,1,0.99798
117,1,1,0.9973
118,1,1,0.99555
119,1,1,0.99812
120,1,1,0.99801
121,1,1,0.99803
122,1,1,0.9091
123,1,1,0.99799
124,1,1,0.99498
125,1,1,0.9979
126,1,1,0.99801
127,1,1,0.98595
128,1,1,0.99802
129,1,1,0.97355
130,1,1,0.99801
131,1,1,0.99795
132,1,1,0.99806
133,1,1,0.99799
134,1,1,0.99793
135,1,1,0.98847
136,1,1,0.96945
137,1,1,0.98171
138,1,1,0.97742
139,1,1,0.99758
140,1,1,0.99387
141,1,1,0.99546
142,1,1,0.99787
143,1,1,0.96093
144,1,1,0.68848
145,1,1,0.99765
146,1,1,0.99809
147,1,1,0.99782
148,1,1,0.99595
149,1,1,0.99785
150,1,1,0.99505
151,1,1,0.99165
152,1,1,0.99798
153,1,1,0.90139
154,1,1,0.97716
155,1,1,0.99803
156,1,1,0.98629
157,1,1,0.98626
158,1,0,0.21833
159,1,1,0.99692
160,1,1,0.9975
161,1,1,0.91594
162,1,1,0.99803
163,1,1,0.99808
164,1,1,0.9977
165,1,1,0.99739
166,1,1,0.98069
167,1,1,0.99206
168,1,1,0.99559
169,1,1,0.8321
170,1,1,0.9952
171,1,1,0.99809
172,1,1,0.97828
173,1,1,0.99799
174,1,1,0.9968
175,1,0,0.36082
176,1,1,0.98357
177,1,1,0.99208
178,1,1,0.99311
179,1,1,0.99392
180,1,1,0.95798
181,1,0,0.46242
182,1,1,0.99808
183,1,1,0.99793
184,1,1,0.99661
185,1,1,0.97501
186,1,1,0.99572
187,1,1,0.99777
188,1,1,0.89
189,1,1,0.99023
190,1,1,0.99666
191,1,1,0.99756
192,1,1,0.99802
193,1,1,0.99802
194,1,1,0.99803
195,1,1,0.99753
196,1,1,0.99784
197,1,1,0.9969
198,1,1,0.99802
199,1,1,0.99788
200,1,0,0.02455
201,1,1,0.97758
202,1,1,0.99775
203,1,1,0.98999
204,1,1,0.94176
205,1,1,0.99808
206,1,1,0.94943
207,1,1,0.99791
208,1,1,0.99772
209,1,1,0.99353
210,1,1,0.99779
211,1,1,0.89718
212,1,1,0.99736
213,1,1,0.98279
214,1,0,0.27528
215,1,1,0.99797
216,1,1,0.97106
217,1,1,0.99737
218,1,1,0.96671
219,1,1,0.99661
220,1,1,0.99807
221,1,1,0.99789
222,1,1,0.99723
223,1,1,0.99777
224,1,1,0.99798
225,1,1,0.99796
226,1,1,0.99805
227,1,1,0.99798
228,1,1,0.99783
229,1,1,0.99679
230,1,1,0.99693
231,1,1,0.99796
232,1,1,0.99788
233,1,1,0.99746
234,1,1,0.98565
235,1,1,0.99799
236,1,1,0.98836
237,1,1,0.5644
238,1,1,0.998
239,1,1,0.99389
240,1,1,0.98984
241,1,1,0.97271
242,1,1,0.99742
243,1,1,0.96905
244,1,1,0.99526
245,1,1,0.9975
246,1,1,0.97541
247,1,1,0.66328
248,1,1,0.9768
249,1,1,0.99777
250,1,1,0.998
251,1,1,0.99798
252,1,1,0.99677
253,1,1,0.99785
254,1,1,0.99791
255,1,1,0.998
256,1,1,0.998
257,1,1,0.99724
258,1,1,0.99796
259,1,1,0.99538
260,1,1,0.99801
261,1,0,0.11607
262,1,1,0.56842
263,1,1,0.53284
264,1,1,0.95944
265,1,1,0.99556
266,1,1,0.99709
267,1,1,0.99586
268,1,1,0.99798
269,1,1,0.99649
270,1,1,0.98937
271,1,1,0.99779
272,1,1,0.98212
273,1,1,0.89343
274,1,1,0.98282
275,0,0,0.00241
276,0,0,0.00226
277,0,0,0.00187
278,0,0,0.00248
279,0,0,0.00204
280,0,0,0.0019
281,0,0,0.00177
282,0,0,0.00361
283,0,0,0.00687
284,0,0,0.00558
285,0,0,0.00716
286,0,0,0.00255
287,0,0,0.00194
288,0,0,0.00201
289,0,0,0.00241
290,0,0,0.00183
291,0,0,0.00272
292,0,0,0.00188
293,0,0,0.02189
294,0,0,0.00557
295,0,0,0.0029
296,0,0,0.00228
297,0,0,0.00313
298,0,0,0.00282
299,0,0,0.00199
300,0,0,0.00254
301,0,0,0.00233
302,0,0,0.00301
303,0,0,0.00401
304,0,0,0.00179
305,0,0,0.00515
306,0,0,0.00173
307,0,0,0.0054
308,0,0,0.00424
309,0,0,0.00188
310,0,0,0.00446
311,0,0,0.04128
312,0,0,0.00518
313,0,0,0.01856
314,0,0,0.00308
315,0,0,0.00191
316,0,0,0.00212
317,0,0,0.0016
318,0,0,0.00274
319,0,0,0.00212
320,0,0,0.00591
321,0,0,0.00513
322,0,0,0.002
323,0,0,0.00198
324,0,0,0.00171
325,0,1,0.65637
326,0,0,0.00255
327,0,1,0.99641
328,0,0,0.00423
329,0,0,0.00328
330,0,0,0.01212
331,0,0,0.00288
332,0,0,0.00312
333,0,0,0.0029
334,0,1,0.95797
335,0,0,0.00296
336,0,0,0.48068
337,0,1,0.74741
338,0,0,0.014
339,0,0,0.00439
340,0,0,0.00319
341,0,0,0.00595
342,0,0,0.0061
343,0,0,0.00224
344,0,0,0.00174
345,0,0,0.00257
346,0,0,0.23942
347,0,1,0.93602
348,0,0,0.00214
349,0,0,0.03877
350,0,0,0.00359
351,0,0,0.0022
352,0,1,0.82858
353,0,0,0.07468
354,0,0,0.01013
355,0,0,0.01149
356,0,0,0.00179
357,0,0,0.00185
358,0,0,0.38972
359,0,0,0.00257
360,0,0,0.00176
361,0,0,0.00196
362,0,0,0.36927
363,0,0,0.00189
364,0,1,0.50511
365,0,0,0.03853
366,0,0,0.00843
367,0,0,0.01306
368,0,0,0.0828
369,0,0,0.00492
370,0,0,0.00222
371,0,0,0.0058
372,0,0,0.0075
373,0,0,0.00199
374,0,0,0.00195
375,0,0,0.0018
376,0,0,0.00329
377,0,0,0.40416
378,0,0,0.0025
379,0,0,0.00247
380,0,0,0.00185
381,0,1,0.69213
382,0,0,0.00247
383,0,0,0.00281
384,0,0,0.00227
385,0,0,0.00288
386,0,0,0.00387
387,0,1,0.84728
388,0,0,0.00188
389,0,0,0.0018
390,0,1,0.98691
391,0,1,0.95938
392,0,1,0.97951
393,0,1,0.96446
394,0,0,0.00235
395,0,0,0.00318
396,0,0,0.00262
397,0,0,0.00222
398,0,0,0.01863
399,0,1,0.93915
400,0,0,0.0029
401,0,0,0.00203
402,0,1,0.90038
403,0,0,0.00255
404,0,0,0.00287
405,0,0,0.00461
406,0,0,0.00665
407,0,0,0.00399
408,0,0,0.1995
409,0,0,0.23795
410,0,0,0.00831
411,0,0,0.00521
412,0,0,0.00212
413,0,0,0.00307
414,0,0,0.00205
415,0,0,0.00359
416,0,0,0.00904
417,0,0,0.01191
418,0,0,0.0045
419,0,0,0.01046
420,0,1,0.9922
421,0,0,0.00229
422,0,0,0.00176
423,0,0,0.00187
424,0,0,0.00386
425,0,0,0.00415
426,0,0,0.00309
427,0,0,0.002
428,0,0,0.21998
429,0,0,0.00464
430,0,0,0.01143
431,0,0,0.02269
432,0,0,0.00183
433,0,0,0.00363
434,0,0,0.00259
435,0,0,0.00302
436,0,0,0.00565
437,0,0,0.01971
438,0,1,0.75049
439,0,0,0.01582
440,0,0,0.00188
441,0,0,0.00191
442,0,0,0.00198
443,0,0,0.00297
444,0,0,0.00252
445,0,0,0.00182
446,0,0,0.00258
447,0,0,0.00248
448,0,1,0.99778
449,0,1,0.97071
450,0,0,0.00206
451,0,1,0.966
452,0,1,0.98279
453,0,1,0.99033
454,0,0,0.00172
455,0,0,0.00181
456,0,0,0.00211
457,0,0,0.00302
458,0,0,0.01178
459,0,0,0.00742
460,0,0,0.027
461,0,0,0.00348
462,0,0,0.02945
463,0,0,0.00485
464,0,0,0.00304
465,0,0,0.0066
466,0,0,0.0022
467,0,1,0.93865
468,0,0,0.00497
469,0,0,0.00247
470,0,0,0.34951
471,0,0,0.33245
472,0,0,0.00304
473,0,0,0.00217
474,0,1,0.87277
475,0,0,0.4427
476,0,0,0.21538
477,0,0,0.00261
478,0,0,0.00375
479,0,0,0.0023
480,0,1,0.91377
481,0,0,0.00742
482,0,0,0.00235
483,0,0,0.00241
484,0,0,0.00396
485,0,0,0.00575
486,0,0,0.13647
487,0,0,0.04105
488,0,0,0.00591
489,0,0,0.00274
490,0,0,0.00864
491,0,0,0.31143
492,0,0,0.00472
493,0,0,0.03144
494,0,0,0.0018
495,0,0,0.00215
496,0,0,0.01976
497,0,0,0.00303
498,0,0,0.00214
499,0,0,0.00316
500,0,0,0.00219
501,0,0,0.0048
502,0,0,0.00376
503,0,0,0.00397
504,0,0,0.0023
505,0,0,0.00234
506,0,0,0.00518
507,0,0,0.00205
508,0,0,0.00251
509,0,0,0.002
510,0,0,0.01087
511,0,0,0.00189
512,0,0,0.00195
513,0,0,0.00932
514,0,0,0.01445
515,0,0,0.0033
516,0,0,0.00204
517,0,0,0.00491
518,0,0,0.00184
519,0,0,0.01079
520,0,0,0.00172
521,0,0,0.07875
522,0,0,0.00215
523,0,0,0.18338
524,0,0,0.00292
525,0,0,0.00206
526,0,0,0.00166
527,0,1,0.60562
528,0,0,0.00257
529,0,0,0.00875
530,0,0,0.00425
531,0,0,0.00271
532,0,0,0.01081
533,0,0,0.00255
534,0,0,0.00265
535,0,0,0.00184
536,0,0,0.00222
537,0,0,0.00197
538,0,0,0.00258
539,0,0,0.00296
540,0,0,0.00284
541,0,0,0.00439
542,0,0,0.0044
543,0,0,0.00209
544,0,0,0.00203
545,0,0,0.36888
546,0,0,0.00351
547,0,0,0.00207
548,0,0,0.0123
549,0,0,0.00579
550,0,0,0.04462
551,0,0,0.00369
552,0,0,0.00244
553,0,0,0.02131
554,0,0,0.26569
555,0,0,0.00215
556,0,0,0.00196
557,0,0,0.00246
558,0,0,0.00206
559,0,0,0.00258
560,0,0,0.0028
561,0,0,0.00742
562,0,0,0.02035
563,0,0,0.0035
564,0,0,0.00658
565,0,0,0.00553
566,0,0,0.0022
567,0,0,0.00333
568,0,0,0.00207
569,0,0,0.00304
570,0,0,0.03835
571,0,0,0.00202
572,0,0,0.00196
573,0,0,0.00438
574,0,0,0.00197
575,0,0,0.00198
576,0,0,0.00388
577,0,0,0.01487
578,0,0,0.00247
579,0,0,0.0037
580,0,0,0.00197
581,0,0,0.00231
582,0,0,0.00503
583,0,0,0.00379
584,0,0,0.00225
585,0,0,0.00224
586,0,0,0.00251
587,0,0,0.00213
588,0,0,0.00265
589,0,0,0.00248
590,0,0,0.00303
591,0,0,0.00339
592,0,0,0.00493
593,0,0,0.0056
594,0,0,0.04785
595,0,0,0.00802
596,0,0,0.00252
597,0,0,0.00307
598,0,0,0.0029
599,0,0,0.00689
600,0,0,0.00256
601,0,0,0.00251
602,0,0,0.0051
603,1,1,0.92428
604,1,1,0.92239
605,1,0,0.01809
606,1,1,0.995
607,1,1,0.99769
608,1,1,0.99635
609,1,1,0.98109
610,1,1,0.98628
611,1,1,0.99379
612,1,1,0.98132
613,1,1,0.99082
614,1,1,0.9452
615,1,1,0.8611
616,1,1,0.99805
617,1,0,0.32629
618,1,1,0.99644
619,1,1,0.98038
620,1,1,0.99044
621,1,1,0.97619
622,1,1,0.99395
623,1,1,0.99222
624,1,1,0.99758
625,1,1,0.82851
626,1,1,0.99283
627,1,1,0.99737
628,1,1,0.99592
629,1,1,0.99775
630,1,1,0.99757
631,1,1,0.99547
632,1,1,0.99796
633,1,1,0.98578
634,1,1,0.99386
635,1,1,0.99797
636,1,1,0.95584
637,1,1,0.99727
638,1,1,0.99808
639,1,1,0.99798
640,1,1,0.99789
641,1,1,0.99787
642,1,1,0.99793
643,1,0,0.01808
644,1,1,0.99798
645,1,1,0.99248
646,1,1,0.99664
647,1,1,0.99709
648,1,1,0.96715
649,1,1,0.99781
650,1,1,0.99417
651,1,1,0.99788
652,1,0,0.03262
653,1,1,0.99788
654,1,1,0.97915
655,1,1,0.94158
656,1,1,0.99728
657,1,1,0.99494
658,1,1,0.99087
659,1,1,0.99802
660,1,1,0.99331
661,1,1,0.99615
662,1,1,0.95904
663,1,1,0.8684
664,1,1,0.99629
665,1,1,0.99778
666,1,1,0.99786
667,1,1,0.99803
668,1,0,0.04746
669,1,1,0.99633
670,1,1,0.9937
671,1,1,0.99116
672,1,1,0.91726
673,1,1,0.97902
674,1,1,0.99605
675,1,1,0.99796
676,1,1,0.96721
677,1,1,0.99754
678,1,1,0.99744
679,1,1,0.96982
680,1,1,0.99799
681,1,1,0.99783
682,1,1,0.99786
683,1,1,0.99772
684,1,1,0.9322
685,1,1,0.99795
686,1,1,0.94425
687,1,1,0.99802
688,1,1,0.99774
689,1,1,0.99776
690,1,1,0.99783
691,1,1,0.99786
692,1,1,0.99782
693,1,1,0.99776
694,1,1,0.99801
695,1,1,0.99791
696,1,1,0.99754
697,1,1,0.99767
698,1,1,0.99786
699,1,1,0.99726
700,1,1,0.99799
701,1,1,0.99796
702,1,1,0.99758
703,1,1,0.99789
704,1,1,0.94282
705,1,1,0.99536
706,1,1,0.99052
707,1,1,0.96938
708,1,1,0.96206
709,1,1,0.99689
710,1,1,0.9979
711,1,0,0.17889
712,1,1,0.97081
713,1,1,0.99494
714,1,1,0.92617
715,1,1,0.98583
716,1,1,0.99687
717,1,1,0.99793
718,1,1,0.99026
719,1,1,0.99791
720,1,1,0.998
721,1,1,0.98702
722,1,1,0.99725
723,1,0,0.1114
724,1,1,0.99542
725,1,1,0.99798
726,1,1,0.99792
727,1,1,0.92801
728,1,1,0.99795
729,1,1,0.99773
730,1,1,0.98728
731,1,1,0.99796
732,1,1,0.99805
733,1,1,0.90718
734,1,1,0.99649
735,1,1,0.99805
736,1,1,0.99799
737,1,1,0.99188
738,1,1,0.9975
739,1,1,0.99141
740,1,1,0.99762
741,1,1,0.95094
742,1,1,0.99803
743,1,1,0.99095
744,1,1,0.99797
745,1,1,0.99806
746,1,1,0.99782
747,1,1,0.99589
748,1,1,0.92335
749,1,1,0.99556
750,1,1,0.99791
751,1,1,0.98612
752,1,1,0.9968
753,1,1,0.90307
754,1,1,0.94504
755,1,0,0.45673
756,1,1,0.99782
757,1,1,0.80227
758,1,1,0.5248
759,1,1,0.99748
760,1,1,0.95534
761,1,1,0.9979
762,1,0,0.32752
763,1,1,0.80053
764,1,1,0.99427
765,1,1,0.88597
766,1,1,0.978
767,1,0,0.02561
768,1,1,0.73636
769,1,1,0.99797
770,1,1,0.99159
771,1,1,0.99705
772,1,1,0.98949
773,1,1,0.97833
774,1,1,0.99778
775,1,1,0.99789
776,1,1,0.98422
777,1,1,0.99782
778,1,1,0.99761
779,1,1,0.99788
780,1,1,0.98042
781,1,1,0.99797
782,1,1,0.99774
783,1,1,0.99784
784,1,1,0.99807
785,1,1,0.98133
786,1,1,0.71225
787,1,1,0.96363
788,1,1,0.99789
789,1,1,0.96719
790,1,1,0.90145
791,1,1,0.99786
792,1,1,0.98415
793,1,1,0.96352
794,1,1,0.98133
795,1,1,0.99348
796,1,1,0.94101
797,1,1,0.86607
798,1,1,0.99759
799,1,1,0.99773
800,1,1,0.7503
801,1,1,0.97869
802,1,1,0.99793
803,1,1,0.9825
804,1,1,0.96665
805,1,1,0.99817
806,1,1,0.99774
807,1,1,0.99256
808,1,1,0.99662
809,1,1,0.96618
810,1,1,0.97531
811,1,1,0.99476
812,1,1,0.93529
813,1,1,0.99611
814,1,1,0.99803
815,1,1,0.99497
816,1,1,0.99806
817,1,1,0.99425
818,1,1,0.99711
819,1,1,0.99679
820,1,0,0.45114
821,1,1,0.78804
822,1,0,0.024
823,1,1,0.998
824,1,1,0.98665
825,1,1,0.97516
826,1,1,0.99378
827,1,1,0.9967
828,1,1,0.99741
829,1,1,0.99802
830,1,1,0.99794
831,1,1,0.98555
832,1,1,0.9981
833,1,1,0.99745
834,1,1,0.99045
835,1,1,0.99648
836,1,1,0.729
837,1,1,0.99445
838,1,1,0.99805
839,1,1,0.99796
840,1,1,0.99734
841,1,1,0.99797
842,1,1,0.99798
843,1,1,0.99783
844,1,1,0.99807
845,1,1,0.9981
846,1,1,0.99803
847,1,1,0.99807
848,1,1,0.99796
849,1,1,0.99809
850,1,1,0.9547
851,1,1,0.99802
852,1,1,0.99778
853,1,1,0.50858
854,1,1,0.97314
855,1,1,0.99236
856,1,0,0.02281
857,1,1,0.99803
858,1,1,0.99575
859,1,1,0.98909
860,1,1,0.99747
861,1,1,0.99643
862,1,1,0.99753
863,1,0,0.016
864,1,1,0.99556
865,1,1,0.99222
866,1,1,0.99796
867,1,1,0.99781
868,1,1,0.99804
869,1,1,0.99809
870,1,1,0.99674
871,1,1,0.99718
872,1,1,0.98962
873,1,1,0.99777
874,1,1,0.99771
875,1,1,0.99737
876,1,1,0.99749
877,1,1,0.99724
878,1,0,0.42142
879,1,1,0.99791
880,1,1,0.97895
881,1,1,0.97774
882,1,1,0.92916
883,1,1,0.97217
884,1,1,0.98587
885,1,1,0.99542
886,1,0,0.29674
887,1,1,0.99696
888,1,0,0.4883
889,1,1,0.99656
890,1,1,0.99746
891,1,1,0.62374
892,1,1,0.99799
893,1,1,0.99802
894,1,1,0.99803
895,1,1,0.87488
896,1,1,0.99799
897,1,1,0.96661
898,1,1,0.99723
899,1,1,0.99792
900,1,1,0.99807
901,1,1,0.99801
902,1,1,0.99807
903,1,1,0.99796
904,1,0,0.44567
905,1,1,0.99793
906,1,1,0.99781
907,1,1,0.99485
908,1,1,0.98898
909,1,1,0.98427
910,1,1,0.99789
911,1,1,0.99695
912,1,1,0.99727
913,1,1,0.99783
914,1,1,0.99339
915,1,1,0.99734
916,1,1,0.99461
917,1,1,0.99809
918,1,1,0.99607
919,1,1,0.99777
920,1,1,0.99699
921,1,1,0.99488
922,1,1,0.99782
923,1,1,0.93985
924,1,1,0.99785
925,1,1,0.99811
926,1,1,0.98494
927,0,0,0.00435
928,0,0,0.002
929,0,0,0.00171
930,0,0,0.00262
931,0,0,0.00366
932,0,0,0.00304
933,0,0,0.00304
934,0,0,0.00316
935,0,0,0.00293
936,0,0,0.15016
937,0,0,0.01745
938,0,0,0.00524
939,0,0,0.00703
940,0,0,0.00379
941,0,0,0.0036
942,0,0,0.00203
943,0,0,0.00304
944,0,0,0.01892
945,0,0,0.02781
946,0,0,0.00611
947,0,0,0.00317
948,0,0,0.00228
949,0,0,0.00901
950,0,0,0.00162
951,0,1,0.84118
952,0,0,0.00736
953,0,0,0.0028
954,0,0,0.00469
955,0,0,0.00231
956,0,0,0.37773
957,0,0,0.00657
958,0,0,0.00266
959,0,0,0.00636
960,0,0,0.00402
961,0,0,0.00311
962,0,1,0.64754
963,0,0,0.00205
964,0,0,0.00205
965,0,0,0.00323
966,0,0,0.00264
967,0,0,0.00445
968,0,0,0.00488
969,0,0,0.00325
970,0,1,0.95902
971,0,0,0.00227
972,0,1,0.6243
973,0,0,0.00387
974,0,1,0.74773
975,0,0,0.46097
976,0,0,0.00251
977,0,0,0.00568
978,0,0,0.00217
979,0,0,0.00518
980,0,0,0.00259
981,0,0,0.00366
982,0,0,0.00712
983,0,0,0.00253
984,0,0,0.00308
985,0,0,0.00249
986,0,0,0.00223
987,0,0,0.00199
988,0,0,0.00464
989,0,0,0.00239
990,0,0,0.01077
991,0,0,0.00247
992,0,0,0.00316
993,0,1,0.86283
994,0,0,0.00286
995,0,0,0.00332
996,0,0,0.46497
997,0,1,0.69634
998,0,0,0.16038
999,0,0,0.00217
1000,0,0,0.00421
1001,0,0,0.07747
1002,0,0,0.00181
1003,0,0,0.01285
1004,0,0,0.00347
1005,0,0,0.00247
1006,0,0,0.0025
1007,0,0,0.03992
1008,0,0,0.01851
1009,0,0,0.00231
1010,0,0,0.00255
1011,0,0,0.00844
1012,0,0,0.00206
1013,0,1,0.72986
1014,0,0,0.00303
1015,0,0,0.0026
1016,0,0,0.00419
1017,0,0,0.0046
1018,0,0,0.02932
1019,0,0,0.00632
1020,0,0,0.05467
1021,0,0,0.00223
1022,0,0,0.00501
1023,0,0,0.00231
1024,0,0,0.3487
1025,0,0,0.01389
1026,0,1,0.83042
1027,0,0,0.00452
1028,0,0,0.00254
1029,0,0,0.00551
1030,0,0,0.0022
1031,0,0,0.01187
1032,0,0,0.00707
1033,0,0,0.05756
1034,0,0,0.01042
1035,0,0,0.00598
1036,0,0,0.04137
1037,0,0,0.00222
1038,0,0,0.02861
1039,0,0,0.01314
1040,0,0,0.00211
1041,0,0,0.00395
1042,0,0,0.02558
1043,0,0,0.01065
1044,0,0,0.00216
1045,0,0,0.25077
1046,0,0,0.02889
1047,0,0,0.00198
1048,0,0,0.01594
1049,0,0,0.00374
1050,0,0,0.0115
1051,0,0,0.00397
1052,0,0,0.00438
1053,0,0,0.00275
1054,0,0,0.00243
1055,0,0,0.00368
1056,0,0,0.00304
1057,0,0,0.18062
1058,0,0,0.04044
1059,0,0,0.01389
1060,0,0,0.00231
1061,0,0,0.00173
1062,0,0,0.00194
1063,0,0,0.00235
1064,0,0,0.00234
1065,0,0,0.00312
1066,0,0,0.00221
1067,0,0,0.00261
1068,0,0,0.03366
1069,0,0,0.00255
1070,0,0,0.00207
1071,0,0,0.00285
1072,0,0,0.01345
1073,0,0,0.02162
1074,0,0,0.00524
1075,0,0,0.00247
1076,0,0,0.00197
1077,0,0,0.00938
1078,0,1,0.99025
1079,0,0,0.0024
1080,0,0,0.00244
1081,0,1,0.93623
1082,0,0,0.02997
1083,0,0,0.00268
1084,0,0,0.0037
1085,0,1,0.94935
1086,0,0,0.0027
1087,0,0,0.42225
1088,0,0,0.00218
1089,0,0,0.01468
1090,0,0,0.00252
1091,0,0,0.00387
1092,0,0,0.03538
1093,0,1,0.6777
1094,0,0,0.00871
1095,0,1,0.9965
1096,0,0,0.01486
1097,0,0,0.00774
1098,0,0,0.00351
1099,0,0,0.27459
1100,0,0,0.00205
1101,0,1,0.9776
1102,0,0,0.46502
1103,0,0,0.00336
1104,0,0,0.00229
1105,0,0,0.0019
1106,0,1,0.70907
1107,0,1,0.68521
1108,0,0,0.09239
1109,0,0,0.02266
1110,0,0,0.01385
1111,0,0,0.0099
1112,0,0,0.00193
1113,0,0,0.0036
1114,0,0,0.27811
1115,0,0,0.0039
1116,0,0,0.00213
1117,0,0,0.20431
1118,0,0,0.00258
1119,0,0,0.0029
1120,0,0,0.0164
1121,0,0,0.01855
1122,0,0,0.25471
1123,0,1,0.94279
1124,0,1,0.95095
1125,0,0,0.06339
1126,0,1,0.99529
1127,0,0,0.00224
1128,0,0,0.00251
1129,0,0,0.00204
1130,0,0,0.17641
1131,0,0,0.02061
1132,0,0,0.00368
1133,0,0,0.00688
1134,0,0,0.01086
1135,0,0,0.00757
1136,0,0,0.00218
1137,0,0,0.00219
1138,0,0,0.00256
1139,0,0,0.03728
1140,0,0,0.00529
1141,0,0,0.0021
1142,0,0,0.00391
1143,0,0,0.00349
1144,0,0,0.29063
1145,0,0,0.4129
1146,0,1,0.82084
1147,0,0,0.00232
1148,0,0,0.00424
1149,0,0,0.01139
1150,0,0,0.00212
1151,0,0,0.49148
1152,0,0,0.02813
1153,0,0,0.00573
1154,0,0,0.00309
1155,0,0,0.00464
1156,0,0,0.09294
1157,0,0,0.00203
1158,0,0,0.00558
1159,0,0,0.05984
1160,0,0,0.11914
1161,0,0,0.01361
1162,0,0,0.00515
1163,0,0,0.00187
1164,0,0,0.12553
1165,0,0,0.00874
1166,0,1,0.83117
1167,0,0,0.00741
1168,0,1,0.98496
1169,0,0,0.0022
1170,0,0,0.00242
1171,0,1,0.87309
1172,0,0,0.00748
1173,0,0,0.00884
1174,0,0,0.00372
1175,0,0,0.00841
1176,0,1,0.98779
1177,0,0,0.01988
1178,0,0,0.00248
1179,0,0,0.00229
1180,0,0,0.00329
1181,0,0,0.00194
1182,0,0,0.00437
1183,0,0,0.01278
1184,0,0,0.00978
1185,0,0,0.0022
1186,0,0,0.00482
1187,0,0,0.13638
1188,0,0,0.00297
1189,0,1,0.99657
1190,0,0,0.00244
1191,0,0,0.03371
1192,0,0,0.00328
1193,0,0,0.02198
1194,0,0,0.01119
1195,0,0,0.00187
1196,0,0,0.01862
1197,0,0,0.00661
1198,0,0,0.00437
1199,0,1,0.71452
1200,0,1,0.9838
1201,0,0,0.00239
1202,0,0,0.0042
1203,0,0,0.00291
1204,0,0,0.00547
1205,0,0,0.00192
1206,0,0,0.00329
1207,0,0,0.01174
1208,0,0,0.00235
1209,0,0,0.00808
1210,0,0,0.00314
1211,0,0,0.00237
1212,0,0,0.08287
1213,0,0,0.01165
1214,0,0,0.00533
1215,0,0,0.00207
1216,0,0,0.00183
1217,0,0,0.00483
1218,0,0,0.00201
1219,0,0,0.00382
1220,0,0,0.00753
1221,0,0,0.00374
1222,0,0,0.02355
1223,0,0,0.00461
1224,0,0,0.00289
1225,0,0,0.00401
1226,0,0,0.31813
1227,0,0,0.0021
1228,0,0,0.00223
1229,0,0,0.00238
1230,0,0,0.00304
1231,0,0,0.00205
1232,0,0,0.00245
1233,0,0,0.00237
1234,0,0,0.02819
1235,0,0,0.00529
1236,0,0,0.00511
1237,0,0,0.00438
1238,0,0,0.00226
1239,0,0,0.00376
1240,0,0,0.00272
1241,0,0,0.00227
1242,0,0,0.00516
1243,0,0,0.00601
1244,0,0,0.00229
1245,0,0,0.00199
1246,0,0,0.00249
1247,0,0,0.004
1248,0,0,0.01914
1249,0,0,0.00885
1250,0,0,0.00205
1251,0,0,0.00614
1252,0,0,0.00393
1253,0,0,0.01162
1254,0,0,0.03226
1255,0,0,0.00179
1256,0,0,0.41948
1257,0,0,0.01154
1258,0,0,0.00582
1259,0,0,0.00386
1260,0,0,0.00233
1261,0,0,0.00338
1262,0,0,0.0025
1263,0,0,0.00203
1264,0,0,0.00477
1265,0,0,0.00535
1266,0,0,0.00335
1267,0,0,0.01838
1268,0,0,0.002
1269,0,0,0.00677
1270,0,1,0.95976
1271,0,0,0.00938
1272,0,0,0.004
1273,0,0,0.00247
1274,0,0,0.00401
1275,0,0,0.00201
1276,0,0,0.00609
1277,0,0,0.01273
1278,0,0,0.00724
1279,0,0,0.00202
1280,0,0,0.00357
1281,0,0,0.18312
1282,0,0,0.00186
1283,0,0,0.00192
1284,0,0,0.00338
1285,0,0,0.0023
1286,0,0,0.00709
1287,0,0,0.01807
1288,0,0,0.00502
1289,0,0,0.00843
1290,0,0,0.01296
1291,0,0,0.00866
1292,0,0,0.00217
1293,0,0,0.00225
1294,0,0,0.00732
1295,0,0,0.00435
1296,0,0,0.00322
1297,1,1,0.93184
1298,1,1,0.99803
1299,1,1,0.9969
1300,1,0,0.1822
1301,1,1,0.99797
1302,1,1,0.94423
1303,1,1,0.76095
1304,1,1,0.99783
1305,1,1,0.98753
1306,1,1,0.99806
1307,1,1,0.99773
1308,1,1,0.99803
1309,1,1,0.99795
1310,1,1,0.99786
1311,1,1,0.9039
1312,1,1,0.95306
1313,1,1,0.99578
1314,1,1,0.98994
1315,1,1,0.87012
1316,1,1,0.99771
1317,1,1,0.98027
1318,1,1,0.99786
1319,1,1,0.92106
1320,1,1,0.99706
1321,1,1,0.99789
1322,1,1,0.9975
1323,1,1,0.99749
1324,1,1,0.99783
1325,1,1,0.99665
1326,1,1,0.99786
1327,1,1,0.99792
1328,1,1,0.99801
1329,1,1,0.99799
1330,1,1,0.99801
1331,1,1,0.99795
1332,1,1,0.99803
1333,1,1,0.96945
1334,1,1,0.65865
1335,1,1,0.998
1336,1,1,0.98753
1337,1,1,0.9979
1338,1,1,0.99763
1339,1,1,0.93183
1340,1,1,0.99798
1341,1,1,0.9963
1342,1,1,0.97067
1343,1,1,0.99527
1344,1,1,0.99224
1345,1,1,0.98954
1346,1,1,0.90845
1347,1,1,0.9705
1348,1,0,0.00283
1349,1,1,0.99604
1350,1,1,0.99589
1351,1,1,0.99793
1352,1,1,0.99635
1353,1,0,0.00342
1354,1,1,0.8605
1355,1,1,0.97867
1356,1,1,0.99483
1357,1,1,0.99801
1358,1,1,0.9975
1359,1,1,0.99796
1360,1,1,0.99792
1361,1,1,0.9979
1362,1,1,0.99803
1363,1,1,0.94986
1364,1,1,0.93032
1365,1,1,0.99773
1366,1,1,0.99632
1367,1,1,0.99774
1368,1,1,0.99559
1369,1,1,0.97691
1370,1,1,0.54172
1371,1,1,0.74423
1372,1,1,0.99771
1373,1,1,0.99732
1374,1,1,0.99124
1375,1,1,0.99723
1376,1,1,0.99767
1377,1,1,0.99778
1378,1,1,0.9978
1379,1,1,0.99803
1380,1,1,0.99661
1381,1,1,0.99782
1382,1,1,0.99533
1383,1,1,0.99732
1384,1,1,0.99741
1385,1,1,0.998
1386,1,1,0.99797
1387,1,1,0.99795
1388,1,1,0.99775
1389,1,1,0.99766
1390,1,1,0.99812
1391,1,1,0.99801
1392,1,1,0.98888
1393,1,1,0.99177
1394,1,1,0.94376
1395,1,1,0.94365
1396,1,1,0.99776
1397,1,1,0.99768
1398,1,1,0.99781
1399,1,0,0.45747
1400,1,1,0.96593
1401,1,1,0.991
1402,1,1,0.99776
1403,1,1,0.99674
1404,1,1,0.99797
1405,1,1,0.99792
1406,1,1,0.67653
1407,1,1,0.99221
1408,1,1,0.95936
1409,1,1,0.99565
1410,1,0,0.0963
1411,1,1,0.99758
1412,1,1,0.98276
1413,1,1,0.97035
1414,1,1,0.99772
1415,1,1,0.99733
1416,1,1,0.99049
1417,1,1,0.99788
1418,1,1,0.99786
1419,1,1,0.9899
1420,1,1,0.98335
1421,1,1,0.99799
1422,1,1,0.63152
1423,1,0,0.47734
1424,1,1,0.99485
1425,1,0,0.00297
1426,1,1,0.9743
1427,1,1,0.99755
1428,1,1,0.98317
1429,1,1,0.98351
1430,1,1,0.99766
1431,1,1,0.96149
1432,1,0,0.01567
1433,1,1,0.96395
1434,1,1,0.97274
1435,1,1,0.99787
1436,1,1,0.99643
1437,1,1,0.99796
1438,1,1,0.87403
1439,1,0,0.20458
1440,1,1,0.97178
1441,1,1,0.98833
1442,1,1,0.99416
1443,1,1,0.99805
1444,1,1,0.99767
1445,1,1,0.83022
1446,1,1,0.99788
1447,1,0,0.33982
1448,1,1,0.98315
1449,1,1,0.96258
1450,1,1,0.99761
1451,1,1,0.99774
1452,1,1,0.99536
1453,1,1,0.96454
1454,1,1,0.99547
1455,1,1,0.99791
1456,1,1,0.99806
1457,1,1,0.99798
1458,1,1,0.99728
1459,1,1,0.99808
1460,1,1,0.9979
1461,1,1,0.99798
1462,1,1,0.99771
1463,1,1,0.99765
1464,1,1,0.99767
1465,1,1,0.99795
1466,1,1,0.99788
1467,1,1,0.99809
1468,1,1,0.99798
1469,1,1,0.99801
1470,1,1,0.99702
1471,1,1,0.99769
1472,1,1,0.99798
1473,1,1,0.99718
1474,1,1,0.99805
1475,1,1,0.99796
1476,1,1,0.99791
1477,1,1,0.99798
1478,1,1,0.64707
1479,1,1,0.99394
1480,1,1,0.99397
1481,1,1,0.99797
1482,1,1,0.54239
1483,1,1,0.68394
1484,1,0,0.0293
1485,1,1,0.99788
1486,1,1,0.99364
1487,1,1,0.9937
1488,1,1,0.98766
1489,1,1,0.99682
1490,1,1,0.99432
1491,1,0,0.00224
1492,1,1,0.99775
1493,1,1,0.99806
1494,1,1,0.98904
1495,1,1,0.99733
1496,1,1,0.99436
1497,1,1,0.99792
1498,1,1,0.99648
1499,1,1,0.99611
1500,1,1,0.99253
1501,1,1,0.98588
1502,1,1,0.99573
1503,1,1,0.99204
1504,1,1,0.89487
1505,1,1,0.98306
1506,1,1,0.99803
1507,1,1,0.9975
1508,1,1,0.99805
1509,1,1,0.99791
1510,1,1,0.99603
1511,1,1,0.99755
1512,1,1,0.99794
1513,1,1,0.99813
1514,1,1,0.99794
1515,1,1,0.99798
1516,1,1,0.84901
1517,1,1,0.93186
1518,1,1,0.9227
1519,1,1,0.99808
1520,1,1,0.99805
1521,1,1,0.99773
1522,1,1,0.99784
1523,1,1,0.99789
1524,1,1,0.99726
1525,1,1,0.99718
1526,1,1,0.99802
1527,1,0,0.39368
1528,1,1,0.96706
1529,1,1,0.92307
1530,1,1,0.99806
1531,1,0,0.26376
1532,1,1,0.81436
1533,1,1,0.99754
1534,1,1,0.99794
1535,1,1,0.99795
1536,1,1,0.99791
1537,1,1,0.70214
1538,1,1,0.99575
1539,0,0,0.00278
1540,0,0,0.00194
1541,0,0,0.00209
1542,0,0,0.00312
1543,0,0,0.0039
1544,0,0,0.00688
1545,0,0,0.00312
1546,0,0,0.00195
1547,0,0,0.01218
1548,0,0,0.27371
1549,0,0,0.00465
1550,0,0,0.00515
1551,0,0,0.2429
1552,0,0,0.0035
1553,0,0,0.00425
1554,0,0,0.07533
1555,0,0,0.00206
1556,0,0,0.00738
1557,0,1,0.95272
1558,0,0,0.06111
1559,0,0,0.00367
1560,0,0,0.00259
1561,0,0,0.00253
1562,0,0,0.00221
1563,0,0,0.18847
1564,0,0,0.00226
1565,0,0,0.00398
1566,0,0,0.00577
1567,0,0,0.01099
1568,0,0,0.00285
1569,0,0,0.00347
1570,0,0,0.00259
1571,0,0,0.00245
1572,0,0,0.00232
1573,0,0,0.02927
1574,0,0,0.00219
1575,0,1,0.92045
1576,0,0,0.02212
1577,0,0,0.00189
1578,0,0,0.00201
1579,0,0,0.00294
1580,0,0,0.00339
1581,0,0,0.00294
1582,0,0,0.04527
1583,0,0,0.00224
1584,0,0,0.00739
1585,0,0,0.0436
1586,0,0,0.00403
1587,0,0,0.01496
1588,0,0,0.00364
1589,0,0,0.0033
1590,0,0,0.00655
1591,0,0,0.00219
1592,0,0,0.00337
1593,0,0,0.00245
1594,0,0,0.38042
1595,0,0,0.0025
1596,0,0,0.00723
1597,0,0,0.03655
1598,0,0,0.00173
1599,0,0,0.04896
1600,0,0,0.00199
1601,0,0,0.00259
1602,0,0,0.00339
1603,0,0,0.00216
1604,0,0,0.0036
1605,0,0,0.13163
1606,0,0,0.00192
1607,0,0,0.00525
1608,0,0,0.18753
1609,0,0,0.00242
1610,0,0,0.02016
1611,0,0,0.00203
1612,0,0,0.00301
1613,0,0,0.00755
1614,0,0,0.00167
1615,0,0,0.00209
1616,0,0,0.04847
1617,0,1,0.63483
1618,0,0,0.46567
1619,0,0,0.0777
1620,0,1,0.96401
1621,0,0,0.42336
1622,0,1,0.94556
1623,0,0,0.00221
1624,0,0,0.01736
1625,0,0,0.01256
1626,0,0,0.00581
1627,0,0,0.00309
1628,0,0,0.00178
1629,0,1,0.61261
1630,0,0,0.00385
1631,0,0,0.00199
1632,0,0,0.00589
1633,0,0,0.00892
1634,0,0,0.00932
1635,0,0,0.00737
1636,0,0,0.00609
1637,0,0,0.00205
1638,0,0,0.00253
1639,0,0,0.01046
1640,0,0,0.00225
1641,0,0,0.00243
1642,0,0,0.00234
1643,0,0,0.00603
1644,0,0,0.01187
1645,0,0,0.02802
1646,0,0,0.34056
1647,0,1,0.71518
1648,0,0,0.49658
1649,0,0,0.00488
1650,0,0,0.00311
1651,0,0,0.00174
1652,0,0,0.00391
1653,0,0,0.0107
1654,0,0,0.00167
1655,0,0,0.00479
1656,0,0,0.01028
1657,0,0,0.02386
1658,0,0,0.0099
1659,0,0,0.00537
1660,0,0,0.02308
1661,0,0,0.00326
1662,0,1,0.89424
1663,0,1,0.96078
1664,0,0,0.00309
1665,0,0,0.01236
1666,0,0,0.00211
1667,0,0,0.00613
1668,0,0,0.00235
1669,0,0,0.00227
1670,0,0,0.00883
1671,0,0,0.0059
1672,0,0,0.00179
1673,0,0,0.00332
1674,0,0,0.00652
1675,0,0,0.01535
1676,0,0,0.00287
1677,0,0,0.00208
1678,0,0,0.00181
1679,0,0,0.00267
1680,0,1,0.69785
1681,0,0,0.00229
1682,0,0,0.00246
1683,0,0,0.00455
1684,0,0,0.00232
1685,0,0,0.01198
1686,0,0,0.45784
1687,0,0,0.00253
1688,0,0,0.00369
1689,0,0,0.32448
1690,0,0,0.00211
1691,0,0,0.01143
1692,0,0,0.0932
1693,0,0,0.00349
1694,0,0,0.00305
1695,0,0,0.00213
1696,0,0,0.00324
1697,0,0,0.01385
1698,0,0,0.00185
1699,0,0,0.00289
1700,0,0,0.00209
1701,0,0,0.01757
1702,0,0,0.00277
1703,0,0,0.0025
1704,0,0,0.00209
1705,0,0,0.00189
1706,0,0,0.00256
1707,0,1,0.98073
1708,0,0,0.01059
1709,0,0,0.05979
1710,0,0,0.26216
1711,0,1,0.67484
1712,0,1,0.74099
1713,0,0,0.0022
1714,0,0,0.00227
1715,0,0,0.00241
1716,0,0,0.00644
1717,0,0,0.00672
1718,0,0,0.034
1719,0,0,0.00233
1720,0,0,0.00254
1721,0,0,0.00222
1722,0,0,0.00174
1723,0,0,0.00294
1724,0,0,0.01697
1725,0,0,0.00486
1726,0,0,0.00714
1727,0,0,0.00524
1728,0,0,0.32449
1729,0,0,0.24622
1730,0,0,0.00783
1731,0,0,0.27247
1732,0,0,0.0068
1733,0,0,0.00566
1734,0,0,0.00257
1735,0,0,0.00291
1736,0,0,0.00213
1737,0,0,0.00219
1738,0,0,0.00222
1739,0,0,0.01405
1740,0,0,0.14669
1741,0,0,0.00511
1742,0,0,0.00301
1743,0,0,0.00195
1744,0,0,0.00235
1745,0,0,0.00972
1746,0,0,0.02122
1747,0,0,0.00275
1748,0,0,0.00456
1749,0,0,0.00307
1750,0,0,0.0357
1751,0,0,0.00253
1752,0,0,0.00464
1753,0,0,0.00199
1754,0,0,0.01647
1755,0,0,0.06405
1756,0,0,0.00232
1757,0,0,0.00346
1758,0,0,0.00443
1759,0,0,0.00377
1760,0,0,0.00314
1761,0,0,0.47289
1762,0,0,0.00219
1763,0,0,0.00251
1764,0,0,0.00335
1765,0,0,0.05211
1766,0,0,0.00214
1767,0,0,0.00505
1768,0,0,0.00232
1769,0,0,0.00419
1770,0,0,0.0017
1771,0,0,0.00269
1772,0,0,0.01221
1773,0,0,0.0032
1774,0,0,0.0034
1775,0,0,0.00479
1776,0,0,0.00268
1777,0,0,0.00252
1778,0,0,0.00374
1779,0,0,0.0024
1780,0,0,0.00261
1781,0,0,0.00223
1782,0,0,0.01363
1783,0,0,0.00344
1784,0,0,0.22656
1785,0,0,0.00194
1786,0,0,0.00293
1787,0,0,0.00198
1788,0,0,0.00521
1789,0,0,0.00433
1790,0,0,0.08555
1791,0,0,0.01401
1792,0,0,0.00355
1793,0,0,0.01662
1794,0,0,0.00313
1795,0,0,0.00659
1796,0,0,0.00723
1797,0,0,0.00625
1798,0,0,0.0672
1799,0,0,0.0126
1800,0,0,0.00316
1801,0,0,0.00564
1802,1,1,0.99718
1803,1,1,0.99307
1804,1,1,0.91872
1805,1,1,0.99583
1806,1,1,0.99805
1807,1,1,0.97439
1808,1,0,0.05215
1809,1,1,0.99635
1810,1,1,0.99661
1811,1,1,0.99003
1812,1,1,0.99311
1813,1,0,0.00486
1814,1,1,0.98666
1815,1,1,0.99433
1816,1,1,0.9895
1817,1,1,0.98331
1818,1,1,0.99768
1819,1,1,0.73047
1820,1,1,0.99786
1821,1,1,0.99598
1822,1,1,0.95305
1823,1,1,0.99785
1824,1,1,0.98656
1825,1,1,0.99596
1826,1,1,0.9937
1827,1,1,0.87269
1828,1,1,0.98802
1829,1,1,0.99694
1830,1,0,0.18915
1831,1,1,0.99796
1832,1,1,0.9338
1833,1,1,0.9975
1834,1,1,0.99805
1835,1,1,0.99781
1836,1,1,0.99759
1837,1,1,0.99783
1838,1,1,0.99796
1839,1,1,0.99746
1840,1,1,0.99789
1841,1,1,0.99798
1842,1,1,0.99798
1843,1,1,0.99811
1844,1,1,0.99771
1845,1,1,0.99769
1846,1,1,0.99775
1847,1,1,0.99751
1848,1,1,0.95153
1849,1,1,0.99488
1850,1,1,0.99717
1851,1,1,0.91238
1852,1,1,0.99229
1853,1,1,0.9963
1854,1,1,0.99798
1855,1,1,0.99796
1856,1,1,0.93395
1857,1,1,0.99771
1858,1,1,0.99661
1859,1,1,0.99732
1860,1,1,0.99801
1861,1,1,0.9979
1862,1,1,0.9736
1863,1,1,0.99645
1864,1,1,0.99479
1865,1,1,0.99676
1866,1,1,0.99794
1867,1,1,0.99729
1868,1,1,0.99802
1869,1,1,0.99798
1870,1,1,0.99802
1871,1,1,0.998
1872,1,1,0.99699
1873,1,1,0.98962
1874,1,1,0.89365
1875,1,1,0.99467
1876,1,1,0.96305
1877,1,0,0.38631
1878,1,1,0.99787
1879,1,1,0.99643
1880,1,1,0.99755
1881,1,1,0.99622
1882,1,1,0.99793
1883,1,1,0.99785
1884,1,1,0.99726
1885,1,1,0.99784
1886,1,1,0.55041
1887,1,1,0.99785
1888,1,1,0.93352
1889,1,1,0.99629
1890,1,1,0.97613
1891,1,1,0.98513
1892,1,1,0.9979
1893,1,1,0.99811
1894,1,1,0.93643
1895,1,1,0.98908
1896,1,1,0.99799
1897,1,1,0.99479
1898,1,1,0.99465
1899,1,1,0.99718
1900,1,1,0.99793
1901,1,1,0.99804
1902,1,1,0.99796
1903,1,1,0.99703
1904,1,1,0.99781
1905,1,1,0.97116
1906,1,1,0.99803
1907,1,1,0.99791
1908,1,1,0.99802
1909,1,1,0.99784
1910,1,1,0.998
1911,1,1,0.99802
1912,1,1,0.99806
1913,1,1,0.99805
1914,1,1,0.99797
1915,1,1,0.99622
1916,1,1,0.99799
1917,1,1,0.79214
1918,1,1,0.99771
1919,1,1,0.99801
1920,1,1,0.99789
1921,1,1,0.99798
1922,1,1,0.99778
1923,1,1,0.99793
1924,1,1,0.99784
1925,1,1,0.89151
1926,1,1,0.93571
1927,1,1,0.90085
1928,1,1,0.99798
1929,1,1,0.98076
1930,1,1,0.98703
1931,1,1,0.99314
1932,1,1,0.99549
1933,1,1,0.99786
1934,1,1,0.99202
1935,1,1,0.97853
1936,1,1,0.97923
1937,1,1,0.99805
1938,1,1,0.99501
1939,1,1,0.99805
1940,1,1,0.99798
1941,1,1,0.98556
1942,1,1,0.99799
1943,1,1,0.99796
1944,1,1,0.95972
1945,1,1,0.9978
1946,1,1,0.98378
1947,1,1,0.99797
1948,1,1,0.99806
1949,1,1,0.99774
1950,1,1,0.99646
1951,1,1,0.95142
1952,1,1,0.99799
1953,1,1,0.9914
1954,1,1,0.99793
1955,1,1,0.93286
1956,1,1,0.97476
1957,1,1,0.93564
1958,1,1,0.98132
1959,1,1,0.99535
1960,1,1,0.99787
1961,1,1,0.998
1962,1,1,0.99339
1963,1,1,0.99798
1964,1,1,0.99783
1965,1,1,0.99578
1966,1,1,0.98502
1967,1,1,0.99816
1968,1,1,0.99727
1969,1,1,0.99555
1970,1,1,0.99492
1971,1,1,0.99785
1972,1,1,0.95257
1973,1,1,0.88061
1974,1,1,0.99752
1975,1,1,0.99784
1976,1,1,0.99485
1977,1,1,0.9957
1978,1,1,0.99809
1979,1,1,0.98088
1980,1,1,0.99752
1981,1,1,0.97256
1982,1,1,0.99799
1983,1,1,0.99805
1984,1,1,0.88343
1985,1,1,0.96781
1986,1,0,0.01453
1987,1,1,0.98551
1988,1,1,0.99781
1989,1,1,0.99073
1990,1,1,0.99777
1991,1,1,0.99773
1992,1,1,0.98781
1993,1,1,0.99748
1994,1,1,0.99513
1995,1,1,0.998
1996,1,1,0.99812
1997,1,1,0.9965
1998,1,1,0.99766
1999,1,1,0.99807
2000,1,1,0.99751
2001,1,1,0.99795
2002,1,1,0.99644
2003,1,1,0.97171
2004,1,1,0.99802
2005,1,0,0.05367
2006,1,1,0.97663
2007,1,1,0.98973
2008,1,1,0.87387
2009,1,1,0.99792
2010,1,1,0.99497
2011,1,1,0.99212
2012,1,1,0.99304
2013,1,1,0.96199
2014,1,1,0.99791
2015,1,1,0.99786
2016,1,1,0.99736
2017,1,1,0.99702
2018,1,1,0.99222
2019,1,1,0.99744
2020,1,1,0.99797
2021,1,1,0.96011
2022,1,1,0.99526
2023,1,1,0.98831
2024,1,1,0.96571
2025,1,1,0.93698
2026,1,1,0.99784
2027,1,1,0.94875
2028,1,1,0.99796
2029,1,1,0.99804
2030,1,1,0.99776
2031,1,1,0.99809
2032,1,1,0.99713
2033,1,1,0.99785
2034,1,1,0.99561
2035,1,1,0.99799
2036,1,1,0.99777
2037,1,1,0.99799
2038,1,1,0.99767
2039,1,1,0.99811
2040,1,1,0.99698
2041,1,1,0.99338
2042,1,1,0.98542
2043,1,1,0.99787
2044,1,1,0.99705
2045,1,1,0.9892
2046,1,1,0.95968
2047,1,1,0.99774
2048,1,1,0.99487
2049,1,1,0.98709
2050,1,1,0.99784
2051,1,1,0.99789
2052,1,1,0.99788
2053,1,1,0.99568
2054,1,1,0.99589
2055,1,1,0.99154
2056,1,1,0.99775
2057,1,1,0.99784
2058,1,1,0.99801
2059,1,1,0.99808
2060,1,1,0.9969
2061,1,1,0.99794
2062,1,1,0.72086
2063,1,1,0.9975
2064,1,1,0.99785
2065,1,1,0.99759
2066,1,1,0.99392
2067,1,0,0.18062
2068,1,1,0.99036
2069,1,1,0.99788
2070,1,0,0.00407
2071,1,1,0.99799
2072,1,1,0.99807
2073,1,1,0.99132
2074,1,1,0.99791
2075,1,1,0.99462
2076,1,1,0.99781
2077,1,1,0.99787
2078,1,1,0.99764
2079,1,1,0.99751
2080,1,1,0.99772
2081,1,1,0.99789
2082,1,1,0.99799
2083,1,1,0.99796
2084,1,1,0.99724
2085,1,1,0.99729
2086,1,1,0.998
2087,1,1,0.99681
2088,1,1,0.99803
2089,1,1,0.99611
2090,1,1,0.99759
2091,1,1,0.99786
2092,1,1,0.79508
2093,1,1,0.99788
2094,1,1,0.99808
2095,1,1,0.99772
2096,1,1,0.99795
2097,1,1,0.99425
2098,1,1,0.99783
2099,1,1,0.96212
2100,1,1,0.57517
2101,1,1,0.95227
2102,1,1,0.99048
2103,1,1,0.99506
2104,0,0,0.0158
2105,0,1,0.58516
2106,0,0,0.00171
2107,0,0,0.00198
2108,0,0,0.00829
2109,0,0,0.02296
2110,0,0,0.09112
2111,0,0,0.06683
2112,0,0,0.02434
2113,0,0,0.00369
2114,0,1,0.95168
2115,0,0,0.00194
2116,0,0,0.01074
2117,0,0,0.00424
2118,0,0,0.00203
2119,0,0,0.00219
2120,0,0,0.01813
2121,0,0,0.2064
2122,0,0,0.00217
2123,0,1,0.85932
2124,0,0,0.00953
2125,0,0,0.00243
2126,0,0,0.00191
2127,0,0,0.00258
2128,0,0,0.19788
2129,0,0,0.45406
2130,0,0,0.00196
2131,0,0,0.0046
2132,0,0,0.0143
2133,0,0,0.29648
2134,0,0,0.00188
2135,0,0,0.00262
2136,0,0,0.0031
2137,0,1,0.76025
2138,0,0,0.04102
2139,0,0,0.0019
2140,0,0,0.01677
2141,0,0,0.14485
2142,0,0,0.05382
2143,0,0,0.00257
2144,0,0,0.00469
2145,0,0,0.04996
2146,0,0,0.16904
2147,0,0,0.00207
2148,0,0,0.00178
2149,0,0,0.00208
2150,0,0,0.00224
2151,0,1,0.70509
2152,0,0,0.00874
2153,0,0,0.01631
2154,0,0,0.10448
2155,0,0,0.01132
2156,0,0,0.00198
2157,0,0,0.00226
2158,0,0,0.00212
2159,0,0,0.00421
2160,0,0,0.20621
2161,0,0,0.00219
2162,0,0,0.01631
2163,0,0,0.00256
2164,0,0,0.00211
2165,0,0,0.00928
2166,0,0,0.0018
2167,0,1,0.91378
2168,0,0,0.04973
2169,0,1,0.96605
2170,0,0,0.11933
2171,0,0,0.05353
2172,0,0,0.05901
2173,0,0,0.00483
2174,0,0,0.04756
2175,0,0,0.00696
2176,0,1,0.92974
2177,0,0,0.0073
2178,0,0,0.11148
2179,0,0,0.00165
2180,0,1,0.64151
2181,0,0,0.01756
2182,0,0,0.01554
2183,0,0,0.05595
2184,0,0,0.00241
2185,0,1,0.99697
2186,0,0,0.02281
2187,0,0,0.00245
2188,0,1,0.77371
2189,0,0,0.00844
2190,0,0,0.00186
2191,0,0,0.00189
2192,0,0,0.01192
2193,0,0,0.02183
2194,0,0,0.00758
2195,0,0,0.00367
2196,0,0,0.0027
2197,0,0,0.00382
2198,0,1,0.71389
2199,0,0,0.23219
2200,0,0,0.00686
2201,0,0,0.00293
2202,0,1,0.99243
2203,0,1,0.88263
2204,0,0,0.01179
2205,0,0,0.33432
2206,0,0,0.00735
2207,0,0,0.00437
2208,0,1,0.99725
2209,0,0,0.33716
2210,0,0,0.0263
2211,0,1,0.95921
2212,0,0,0.0059
2213,0,0,0.00269
2214,0,1,0.99762
2215,0,0,0.00932
2216,0,1,0.99714
2217,0,0,0.02266
2218,0,0,0.29916
2219,0,0,0.01499
2220,0,1,0.71384
2221,0,0,0.09003
2222,0,0,0.00259
2223,0,1,0.77895
2224,0,1,0.95571
2225,0,1,0.98822
2226,0,0,0.00919
2227,0,0,0.35864
2228,0,0,0.00602
2229,0,0,0.4398
2230,0,0,0.00205
2231,0,0,0.0021
2232,0,1,0.91562
2233,0,0,0.03976
2234,0,0,0.0038
2235,0,0,0.42912
2236,0,0,0.07925
2237,0,1,0.99307
2238,0,0,0.00669
2239,0,0,0.25087
2240,0,0,0.00711
2241,0,0,0.00453
2242,0,0,0.17276
2243,0,0,0.04755
2244,0,0,0.16906
2245,0,0,0.00258
2246,0,0,0.0037
2247,0,0,0.00286
2248,0,0,0.00382
2249,0,0,0.00833
2250,0,0,0.00317
2251,0,1,0.98957
2252,0,0,0.00572
2253,0,0,0.00659
2254,0,0,0.37308
2255,0,0,0.12929
2256,0,0,0.00575
2257,0,0,0.00918
2258,0,0,0.03558
2259,0,0,0.00195
2260,0,0,0.02619
2261,0,0,0.0038
2262,0,0,0.15047
2263,0,0,0.21772
2264,0,0,0.00309
2265,0,0,0.00178
2266,0,0,0.00322
2267,0,0,0.00188
2268,0,0,0.00371
2269,0,0,0.00297
2270,0,0,0.00301
2271,0,0,0.00349
2272,0,0,0.30711
2273,0,0,0.00222
2274,0,0,0.28731
2275,0,1,0.89194
2276,0,0,0.00542
2277,0,0,0.00398
2278,0,0,0.00242
2279,0,0,0.00214
2280,0,0,0.00515
2281,0,0,0.00174
2282,0,0,0.00308
2283,0,0,0.00176
2284,0,0,0.00214
2285,0,0,0.00245
2286,0,0,0.003
2287,0,0,0.2978
2288,0,1,0.98679
2289,0,0,0.24976
2290,0,0,0.37306
2291,0,0,0.08
2292,0,0,0.1666
2293,0,0,0.02395
2294,0,0,0.00253
2295,0,1,0.5694
2296,0,0,0.00301
2297,0,0,0.19527
2298,0,0,0.1875
2299,0,1,0.99658
2300,0,0,0.17607
2301,0,1,0.69533
2302,0,0,0.00499
2303,0,0,0.04232
2304,0,0,0.26005
2305,0,0,0.08997
2306,0,0,0.00319
2307,0,0,0.06661
2308,0,0,0.00219
2309,0,0,0.00217
2310,0,0,0.02267
2311,0,0,0.24594
2312,0,0,0.12925
2313,0,0,0.00307
2314,0,0,0.00915
2315,0,0,0.00217
2316,0,0,0.00506
2317,0,0,0.0021
2318,0,0,0.00224
2319,0,0,0.20397
2320,0,0,0.00268
2321,0,0,0.00291
2322,0,0,0.00259
2323,0,0,0.05898
2324,0,0,0.05773
2325,0,0,0.00339
2326,1,1,0.99802
2327,1,1,0.99435
2328,1,1,0.9978
2329,1,1,0.99576
2330,1,1,0.99575
2331,1,1,0.99809
2332,1,1,0.7653
2333,1,1,0.9981
2334,1,1,0.99798
2335,1,1,0.98844
2336,1,1,0.64169
2337,1,1,0.99326
2338,1,1,0.9978
2339,1,1,0.99796
2340,1,1,0.99794
2341,1,1,0.99783
2342,1,1,0.9979
2343,1,0,0.00704
2344,1,1,0.99797
2345,1,1,0.99773
2346,1,1,0.98096
2347,1,1,0.99799
2348,1,1,0.99726
2349,1,1,0.99806
2350,1,1,0.98261
2351,1,1,0.99476
2352,1,1,0.97858
2353,1,1,0.99581
2354,1,1,0.99772
2355,1,1,0.99653
2356,1,1,0.99359
2357,1,1,0.9962
2358,1,1,0.98959
2359,1,1,0.98651
2360,1,1,0.94814
2361,1,1,0.99678
2362,1,1,0.99412
2363,1,1,0.9969
2364,1,1,0.99648
2365,1,1,0.99808
2366,1,1,0.99793
2367,1,1,0.95671
2368,1,1,0.99803
2369,1,1,0.9818
2370,1,1,0.99765
2371,1,1,0.99803
2372,1,1,0.99764
2373,1,1,0.99484
2374,1,1,0.9967
2375,1,1,0.99804
2376,1,1,0.96276
2377,1,0,0.04813
2378,1,1,0.99737
2379,1,1,0.99257
2380,1,1,0.99698
2381,1,1,0.58432
2382,1,1,0.80323
2383,1,1,0.9285
2384,1,1,0.99765
2385,1,1,0.99795
2386,1,1,0.99636
2387,1,1,0.99755
2388,1,1,0.78434
2389,1,1,0.92427
2390,1,1,0.98868
2391,1,1,0.96968
2392,1,0,0.10286
2393,1,1,0.95731
2394,1,1,0.91065
2395,1,1,0.83365
2396,1,1,0.89218
2397,1,1,0.99219
2398,1,1,0.99772
2399,1,1,0.99798
2400,1,1,0.99793
2401,1,1,0.99814
2402,1,1,0.99806
2403,1,1,0.99279
2404,1,1,0.99442
2405,1,1,0.99562
2406,1,1,0.99796
2407,1,1,0.99761
2408,1,1,0.93754
2409,1,1,0.9979
2410,1,1,0.99755
2411,1,1,0.99771
2412,1,1,0.99291
2413,1,1,0.99782
2414,1,1,0.99698
2415,1,1,0.99018
2416,1,0,0.12861
2417,1,1,0.9762
2418,1,1,0.9912
2419,1,1,0.92574
2420,1,1,0.99728
2421,1,1,0.99803
2422,1,1,0.9972
2423,1,1,0.99773
2424,0,0,0.00277
2425,0,0,0.00177
2426,0,0,0.00637
2427,0,0,0.00178
2428,0,0,0.43669
2429,0,0,0.00186
2430,0,0,0.00922
2431,0,0,0.01265
2432,0,0,0.00219
2433,0,0,0.16234
2434,0,0,0.00269
2435,0,1,0.99636
2436,0,0,0.00264
2437,0,0,0.24936
2438,0,0,0.00311
2439,0,0,0.00562
2440,0,0,0.0022
2441,0,0,0.0102
2442,0,0,0.01288
2443,0,0,0.20409
2444,0,0,0.01108
2445,0,1,0.94659
2446,0,0,0.00199
2447,0,0,0.00338
2448,0,1,0.9923
2449,0,0,0.00808
2450,0,0,0.24906
2451,0,0,0.00577
2452,0,0,0.00571
2453,0,1,0.96434
2454,0,0,0.00351
2455,0,0,0.08107
2456,0,0,0.00234
2457,0,0,0.00226
2458,0,0,0.00537
2459,0,0,0.00281
2460,0,0,0.024
2461,0,0,0.00677
2462,0,0,0.00421
2463,0,0,0.00965
2464,0,0,0.00193
2465,0,0,0.00291
2466,0,0,0.07834
2467,0,0,0.00731
2468,0,0,0.06747
2469,0,0,0.075
2470,0,0,0.10202
2471,0,0,0.00315
2472,0,0,0.00678
2473,0,1,0.811
2474,0,0,0.00254
2475,0,0,0.00264
2476,0,0,0.00272
2477,0,0,0.32021
2478,0,0,0.00261
2479,0,0,0.05243
2480,0,0,0.01145
2481,0,1,0.69315
2482,0,0,0.02196
2483,0,1,0.95149
2484,0,0,0.03215
2485,0,1,0.90785
2486,0,0,0.08414
2487,0,0,0.19492
2488,0,0,0.00757
2489,0,0,0.00241
2490,0,0,0.00627
2491,0,0,0.00353
2492,0,0,0.00233
2493,0,0,0.00321
2494,0,0,0.0031
2495,0,0,0.01876
2496,0,0,0.00457
2497,0,0,0.00365
2498,0,0,0.00338
2499,0,0,0.00952
2500,0,0,0.31564
2501,0,0,0.0348
2502,0,0,0.00708
2503,0,0,0.00439
2504,0,1,0.97639
2505,0,0,0.00289
2506,0,0,0.00263
2507,0,1,0.91727
2508,0,0,0.09946
2509,0,1,0.75863
2510,0,1,0.83312
2511,0,0,0.00569
2512,0,0,0.00175
2513,0,0,0.022
2514,0,0,0.06851
2515,0,0,0.00255
2516,0,0,0.01187
2517,0,0,0.40509
2518,0,0,0.01308
2519,0,0,0.00411
2520,0,1,0.58967
2521,0,0,0.0026
2522,0,1,0.84048
2523,0,0,0.00315
2524,0,1,0.67208
2525,0,0,0.00243
2526,0,0,0.00227
2527,0,0,0.00274
2528,0,0,0.00344
2529,0,0,0.00182
2530,0,0,0.00255
2531,0,0,0.00213
2532,0,0,0.00586
2533,0,0,0.00178
2534,0,1,0.72112
2535,0,0,0.00691
2536,0,0,0.006
2537,0,0,0.00769
2538,0,0,0.00362
2539,0,0,0.00275
2540,0,0,0.07259
2541,0,0,0.00263
2542,0,0,0.03292
2543,0,0,0.10239
2544,0,0,0.00346
2545,0,0,0.00203
2546,0,0,0.00216
2547,0,0,0.00245
2548,0,0,0.0166
2549,0,0,0.00212
2550,0,0,0.00721
2551,0,0,0.00187
2552,0,0,0.00642
2553,0,0,0.06133
2554,0,0,0.00236
2555,0,0,0.121
2556,0,0,0.00726
2557,0,0,0.00469
2558,0,0,0.00349
2559,0,0,0.00334
2560,0,0,0.00315
2561,0,0,0.08911
2562,0,1,0.74029
2563,1,1,0.99435
2564,1,0,0.04399
2565,1,1,0.99518
2566,1,1,0.84437
2567,1,1,0.99314
2568,1,1,0.96715
2569,1,1,0.91858
2570,1,1,0.86884
2571,1,1,0.98369
2572,1,1,0.88873
2573,1,0,0.38876
2574,1,1,0.99769
2575,1,0,0.25428
2576,1,1,0.91223
2577,1,1,0.99195
2578,1,1,0.99756
2579,1,1,0.64449
2580,1,0,0.05723
2581,1,1,0.96978
2582,1,1,0.76049
2583,1,1,0.998
2584,1,1,0.99756
2585,1,1,0.9964
2586,1,1,0.98321
2587,1,1,0.99766
2588,1,1,0.99704
2589,1,1,0.99645
2590,1,1,0.99767
2591,1,1,0.99523
2592,1,1,0.99397
2593,1,1,0.99782
2594,1,1,0.9965
2595,1,1,0.99803
2596,1,1,0.95764
2597,1,1,0.98357
2598,1,1,0.82992
2599,1,1,0.99276
2600,1,1,0.99483
2601,1,1,0.979
2602,1,1,0.99795
2603,1,1,0.80065
2604,1,1,0.99735
2605,1,1,0.71887
2606,1,1,0.99686
2607,1,1,0.99798
2608,1,1,0.99006
2609,1,1,0.99802
2610,1,1,0.99187
2611,1,1,0.99484
2612,1,1,0.99731
2613,1,1,0.99792
2614,1,1,0.99602
2615,1,1,0.98681
2616,1,1,0.71728
2617,1,1,0.998
2618,1,0,0.09337
2619,1,1,0.99745
2620,1,1,0.99571
2621,1,1,0.99556
2622,1,1,0.98947
2623,1,1,0.99796
2624,1,1,0.96213
2625,1,1,0.99799
2626,1,1,0.99453
2627,1,1,0.99125
2628,1,1,0.99795
2629,1,1,0.99696
2630,1,1,0.99712
2631,1,0,0.30249
2632,1,1,0.81938
2633,1,1,0.66024
2634,1,1,0.64109
2635,1,1,0.99019
2636,1,1,0.99719
2637,1,1,0.99562
2638,1,0,0.0105
2639,1,1,0.93984
2640,0,0,0.00394
2641,0,0,0.01074
2642,0,0,0.02153
2643,0,0,0.01051
2644,0,0,0.00264
2645,0,0,0.00251
2646,0,0,0.00486
2647,0,0,0.00655
2648,0,0,0.00469
2649,0,0,0.10831
2650,0,0,0.00302
2651,0,0,0.00336
2652,0,0,0.04869
2653,0,0,0.00395
2654,0,0,0.00257
2655,0,1,0.63901
2656,0,0,0.00196
2657,0,0,0.00373
2658,0,0,0.02422
2659,0,0,0.01052
2660,0,0,0.01109
2661,0,0,0.00274
2662,0,0,0.06117
2663,0,0,0.00518
2664,0,0,0.00522
2665,0,0,0.07394
2666,0,1,0.54557
2667,0,0,0.23816
2668,0,1,0.64592
2669,0,0,0.00207
2670,0,0,0.00296
2671,0,0,0.00391
2672,0,0,0.01511
2673,0,0,0.14014
2674,0,0,0.37608
2675,0,0,0.00274
2676,0,1,0.99331
2677,0,0,0.13073
2678,0,0,0.00253
2679,0,0,0.00421
2680,0,0,0.25179
2681,0,0,0.00643
2682,0,0,0.1546
2683,0,0,0.00515
2684,0,0,0.00536
2685,0,0,0.00435
2686,0,0,0.00263
2687,0,0,0.34854
2688,0,0,0.00425
2689,0,1,0.97741
2690,0,0,0.00374
2691,0,0,0.00298
2692,0,0,0.15714
2693,0,0,0.00367
2694,0,0,0.00285
2695,0,0,0.02996
2696,0,0,0.00499
2697,0,0,0.16924
2698,0,0,0.00291
2699,0,0,0.00299
2700,0,0,0.00207
2701,0,0,0.00209
2702,0,0,0.0037
2703,0,0,0.00241
2704,0,0,0.0061
2705,0,0,0.00208
2706,0,0,0.0304
2707,0,0,0.19063
2708,0,0,0.06258
2709,0,0,0.00409
2710,0,0,0.00509
2711,0,0,0.00282
2712,0,0,0.09755
2713,0,0,0.31384
2714,0,0,0.00235
2715,0,0,0.00537
2716,0,0,0.03342
2717,0,0,0.04976
2718,0,0,0.00498
2719,0,1,0.71282
2720,0,0,0.00459
2721,0,0,0.00507
2722,0,0,0.00352
2723,0,0,0.00585
2724,0,0,0.00401
2725,0,0,0.00993
2726,0,0,0.00229
2727,0,0,0.30287
2728,0,0,0.0026
2729,0,0,0.00209
2730,0,0,0.02461
2731,0,0,0.00345
2732,0,0,0.00451
2733,0,0,0.00359
2734,0,1,0.52675
2735,0,0,0.37238
2736,0,0,0.04138
2737,0,0,0.05569
2738,0,0,0.00749
2739,0,1,0.98572
2740,0,0,0.00669
2741,0,0,0.02646
2742,0,0,0.06502
2743,0,0,0.00501
2744,0,0,0.00586
2745,0,0,0.00271
2746,0,0,0.01786
2747,0,0,0.04855
2748,0,0,0.00902
2749,0,0,0.1241
2750,0,0,0.00849
2751,0,0,0.00494
2752,0,0,0.00204
2753,0,0,0.00261
2754,0,1,0.84496
2755,0,0,0.00245
2756,0,0,0.00237
2757,0,0,0.00203
2758,0,0,0.00635
2759,0,0,0.06761
2760,0,0,0.00586
2761,0,0,0.00226
2762,0,0,0.0033
2763,0,0,0.00286
2764,0,0,0.00368
2765,0,0,0.002
2766,0,0,0.00833
2767,0,0,0.00322
2768,0,1,0.86822
2769,0,0,0.00346
2770,0,0,0.0024
2771,0,0,0.01017
2772,0,0,0.02478
2773,0,0,0.02912
2774,1,1,0.99117
2775,1,1,0.99802
2776,1,1,0.97211
2777,1,1,0.82793
2778,1,1,0.90587
2779,1,1,0.56496
2780,1,1,0.99723
2781,1,1,0.99766
2782,1,1,0.99809
2783,1,1,0.98107
2784,1,1,0.99798
2785,1,1,0.96007
2786,1,0,0.00532
2787,1,1,0.97397
2788,1,1,0.96306
2789,1,1,0.96553
2790,1,1,0.99785
2791,1,1,0.97764
2792,1,1,0.9978
2793,1,1,0.99769
2794,1,1,0.91887
2795,1,1,0.99765
2796,1,1,0.99532
2797,1,1,0.75225
2798,1,1,0.99807
2799,1,1,0.99791
2800,1,1,0.88363
2801,1,1,0.6318
2802,1,1,0.98488
2803,1,1,0.82728
2804,1,1,0.98194
2805,1,1,0.9882
2806,1,1,0.98383
2807,1,1,0.91274
2808,1,1,0.99117
2809,1,0,0.00466
2810,1,1,0.97996
2811,1,0,0.02252
2812,1,1,0.99716
2813,1,0,0.01316
2814,1,0,0.01552
2815,1,1,0.99779
2816,1,0,0.03736
2817,1,1,0.99551
2818,1,1,0.99797
2819,1,1,0.99104
2820,1,1,0.88286
2821,1,1,0.9957
2822,1,1,0.99417
2823,1,1,0.88373
2824,1,1,0.95929
2825,1,1,0.58251
2826,1,1,0.99637
2827,1,1,0.56116
2828,1,1,0.99538
2829,1,1,0.99797
2830,1,1,0.86088
2831,1,1,0.94608
2832,1,1,0.67698
2833,1,1,0.99337
2834,1,1,0.99571
2835,1,1,0.9978
2836,1,1,0.99808
2837,1,1,0.99636
2838,1,1,0.99738
2839,1,1,0.99755
2840,1,1,0.9958
2841,1,1,0.99759
2842,1,1,0.99693
2843,1,1,0.9845
2844,1,1,0.93207
2845,1,1,0.96962
2846,1,1,0.99728
2847,1,1,0.91866
2848,1,1,0.80335
2849,1,1,0.99722
2850,1,1,0.99781
2851,1,1,0.98875
2852,1,1,0.99809
2853,1,1,0.99681
2854,1,0,0.42202
2855,1,1,0.99807
2856,1,1,0.99629
2857,1,1,0.88444
2858,1,1,0.99799
2859,1,1,0.99806
2860,1,1,0.92372
2861,1,1,0.96632
2862,1,0,0.18201
2863,1,1,0.76909
2864,1,1,0.97151
2865,1,1,0.99252
2866,1,1,0.99804
2867,1,1,0.99786
2868,1,1,0.99794
2869,1,1,0.99809
2870,1,0,0.40255
2871,1,1,0.99629
2872,1,1,0.98579
2873,1,1,0.99773
2874,1,1,0.99789
2875,1,1,0.9976
2876,1,1,0.97858
2877,1,1,0.97611
2878,1,1,0.99641
2879,1,1,0.99487
2880,1,1,0.99795
2881,1,1,0.99735
2882,1,1,0.99781
2883,1,1,0.99738
2884,1,1,0.99783
2885,1,1,0.9978
2886,1,1,0.99801
2887,1,1,0.99784
2888,1,1,0.99791
2889,1,1,0.99775
2890,1,1,0.99774
2891,1,1,0.99774
2892,1,1,0.99766
2893,1,1,0.99759
2894,1,1,0.99775
2895,1,1,0.99787
2896,1,1,0.9979
2897,1,1,0.99792
2898,1,1,0.99774
2899,1,1,0.99801
2900,1,1,0.99781
2901,1,1,0.99803
2902,1,1,0.99793
2903,1,1,0.99776
2904,1,1,0.99785
2905,1,1,0.99787
2906,1,1,0.99685
2907,1,1,0.9978
2908,1,1,0.99772
2909,1,1,0.99782
2910,1,1,0.99792
2911,1,1,0.9979
2912,1,1,0.99782
2913,1,1,0.99767
2914,1,1,0.99765
2915,1,1,0.99731
2916,1,1,0.80803
2917,1,1,0.99774
2918,1,0,0.36866
2919,1,1,0.99636
2920,1,1,0.99743
2921,1,1,0.9979
2922,1,1,0.99072
2923,1,1,0.99418
2924,1,1,0.99712
2925,1,1,0.99784
2926,1,1,0.99709
2927,1,1,0.99415
2928,1,1,0.99715
2929,1,1,0.99584
2930,1,1,0.99777
2931,1,1,0.99747
2932,1,1,0.9978
2933,1,1,0.99769
2934,1,1,0.99695
2935,1,1,0.99742
2936,1,1,0.99764
2937,1,1,0.99788
2938,1,1,0.99793
2939,1,1,0.99378
2940,1,1,0.9368
2941,1,1,0.99445
2942,1,1,0.99798
2943,1,1,0.99514
2944,1,1,0.9689
2945,1,1,0.9931
2946,1,1,0.9498
2947,1,1,0.99602
2948,1,1,0.99262
2949,1,1,0.99669
2950,1,1,0.99802
2951,1,1,0.99304
2952,1,1,0.99636
2953,1,1,0.99796
2954,1,1,0.85728
2955,1,1,0.99792
2956,1,1,0.99787
2957,1,1,0.99793
2958,1,1,0.99791
2959,1,1,0.99799
2960,1,1,0.99757
2961,1,1,0.99767
2962,1,1,0.99792
2963,1,1,0.99776
2964,1,1,0.99793
2965,1,1,0.99792
2966,1,1,0.99793
2967,1,1,0.99776
2968,1,1,0.99726
2969,1,1,0.99437
2970,1,1,0.99544
2971,1,1,0.80754
2972,1,1,0.99448
2973,1,1,0.98813
2974,1,1,0.9934
2975,1,1,0.99739
2976,1,1,0.9875
2977,1,1,0.97129
2978,1,1,0.99373
2979,1,1,0.99779
2980,1,1,0.99792
2981,1,1,0.99791
2982,1,1,0.99782
2983,1,1,0.99782
2984,1,1,0.99788
2985,1,1,0.99788
2986,1,1,0.99781
2987,1,1,0.99784
2988,1,1,0.99651
2989,1,1,0.96932
2990,1,1,0.99782
2991,1,1,0.99778
2992,1,1,0.99784
2993,1,1,0.99709
2994,1,1,0.99776
2995,1,1,0.99788
2996,1,1,0.99794
2997,1,1,0.99149
2998,1,1,0.98705
2999,1,1,0.99771
3000,1,1,0.99518
3001,1,1,0.99744
3002,1,1,0.99112
3003,1,1,0.89272
3004,1,1,0.95854
3005,1,1,0.55606
3006,1,1,0.99809
3007,1,1,0.99787
3008,1,1,0.99809
3009,1,1,0.99813
3010,1,1,0.99785
3011,1,1,0.9942
3012,1,1,0.99796
3013,1,1,0.6173
3014,1,1,0.99598
3015,1,1,0.99725
3016,1,1,0.99738
3017,1,1,0.80537
3018,1,1,0.98744
3019,1,1,0.97129
3020,1,1,0.99398
3021,1,1,0.97285
3022,1,1,0.60521
3023,1,1,0.67629
3024,1,1,0.98432
3025,1,1,0.99623
3026,1,1,0.99445
3027,1,1,0.99771
3028,1,1,0.99803
3029,1,1,0.99787
3030,1,1,0.99782
3031,1,1,0.97481
3032,1,1,0.99791
3033,1,1,0.95656
3034,1,1,0.87215
3035,1,1,0.99807
3036,1,1,0.99791
3037,1,1,0.99538
3038,1,1,0.99798
3039,1,1,0.9412
3040,1,1,0.98842
3041,1,1,0.89933
3042,1,1,0.92288
3043,1,1,0.99656
3044,1,1,0.99769
3045,1,1,0.9961
3046,1,1,0.998
3047,1,1,0.74993
3048,1,1,0.9868
3049,1,1,0.97623
3050,1,1,0.98515
3051,1,1,0.99647
3052,1,1,0.97113
3053,1,1,0.99755
3054,1,1,0.99162
3055,1,1,0.99772
3056,1,1,0.99519
3057,1,1,0.99753
3058,1,1,0.99806
3059,1,1,0.99782
3060,1,1,0.95576
3061,1,0,0.03955
3062,1,1,0.99788
3063,1,1,0.99777
3064,1,1,0.99796
3065,1,1,0.99771
3066,1,1,0.99705
3067,1,1,0.99744
3068,1,1,0.99768
3069,1,1,0.99792
3070,1,1,0.99678
3071,1,1,0.99533
3072,1,1,0.99778
3073,1,1,0.9976
3074,1,1,0.99775
3075,1,0,0.12074
3076,1,1,0.99815
3077,1,1,0.91276
3078,1,0,0.35096
3079,1,1,0.99749
3080,1,1,0.94323
3081,1,1,0.55002
3082,1,1,0.99785
3083,1,1,0.98219
3084,1,1,0.99713
3085,1,1,0.98686
3086,1,1,0.92899
3087,1,0,0.0022
3088,1,1,0.99787
3089,1,1,0.99708
3090,1,1,0.99778
3091,1,1,0.9492
3092,1,1,0.99477
3093,1,1,0.93413
3094,1,1,0.99756
3095,1,1,0.99786
3096,1,1,0.78268
3097,1,1,0.99482
3098,1,1,0.90622
3099,1,1,0.99494
3100,1,1,0.99093
3101,1,1,0.89735
3102,1,1,0.99016
3103,1,1,0.9865
3104,1,1,0.9495
3105,1,1,0.95984
3106,1,1,0.9979
3107,1,1,0.93944
3108,1,1,0.99707
3109,1,1,0.99799
3110,1,1,0.96787
3111,1,1,0.9973
3112,1,1,0.97842
3113,1,1,0.99284
3114,1,1,0.99801
3115,1,1,0.99779
3116,1,1,0.99797
3117,1,1,0.98965
3118,1,1,0.97444
3119,1,0,0.00645
3120,1,1,0.99672
3121,1,1,0.95267
3122,1,1,0.94504
3123,1,0,0.00736
3124,1,1,0.9967
3125,1,1,0.99701
3126,1,1,0.99013
3127,1,1,0.9801
3128,1,1,0.91717
3129,1,1,0.99798
3130,1,1,0.94532
3131,1,1,0.99797
3132,1,1,0.96813
3133,1,1,0.96573
3134,1,0,0.39209
3135,1,0,0.18443
3136,1,1,0.99681
3137,1,1,0.98603
3138,1,1,0.99792
3139,1,1,0.99722
3140,1,1,0.99751
3141,1,1,0.99524
3142,1,1,0.99796
3143,1,1,0.99776
3144,1,1,0.99802
3145,1,1,0.99502
3146,1,1,0.99811
3147,1,1,0.998
3148,1,1,0.99474
3149,1,1,0.93693
3150,1,0,0.44905
3151,1,1,0.99803
3152,1,1,0.99795
3153,1,1,0.99774
3154,1,1,0.99791
3155,1,1,0.99802
3156,1,1,0.99795
3157,1,1,0.99801
3158,1,1,0.99796
3159,1,1,0.99755
3160,1,1,0.99777
3161,1,1,0.99769
3162,1,1,0.99787
3163,1,1,0.99791
3164,1,1,0.9981
3165,1,1,0.99797
3166,1,1,0.99803
3167,1,1,0.99783
3168,1,1,0.99803
3169,1,1,0.99795
3170,1,1,0.99772
3171,1,1,0.99755
3172,1,1,0.99806
3173,1,1,0.99791
3174,1,1,0.99811
3175,1,1,0.97337
3176,1,1,0.99796
3177,1,1,0.99774
3178,1,1,0.99791
3179,1,1,0.9978
3180,1,1,0.99815
3181,1,1,0.99633
3182,1,1,0.99276
3183,1,1,0.99762
3184,1,1,0.99373
3185,1,1,0.99321
3186,1,1,0.99698
3187,1,1,0.75222
3188,1,1,0.9978
3189,1,1,0.98366
3190,1,1,0.99798
3191,1,1,0.9974
3192,1,1,0.99788
3193,1,1,0.99804
3194,1,1,0.99777
3195,1,1,0.99808
3196,1,1,0.99804
3197,1,1,0.99791
3198,1,1,0.99762
3199,1,1,0.99758
3200,1,1,0.99783
3201,1,1,0.99788
3202,1,1,0.99785
3203,1,1,0.99803
3204,1,1,0.99771
3205,1,1,0.99793
3206,1,1,0.99797
3207,1,1,0.99804
3208,1,1,0.99796
3209,1,1,0.99799
3210,1,1,0.99782
3211,1,1,0.9977
3212,1,1,0.99799
3213,1,1,0.99795
3214,1,1,0.99777
3215,1,1,0.99793
3216,1,1,0.99773
3217,1,1,0.99783
3218,1,1,0.99776
3219,1,1,0.99766
3220,1,1,0.99789
3221,1,1,0.99769
3222,1,1,0.99793
3223,1,1,0.9979
3224,1,1,0.99782
3225,1,1,0.99793
3226,1,1,0.99763
3227,1,1,0.99779
3228,1,1,0.99787
3229,1,1,0.9979
3230,1,1,0.99759
3231,1,1,0.99794
3232,1,1,0.99408
3233,1,1,0.99788
3234,1,1,0.99791
3235,1,1,0.99784
3236,1,1,0.56423
3237,1,1,0.86817
3238,1,1,0.99781
3239,1,1,0.55271
3240,1,0,0.08345
3241,1,0,0.0118
3242,1,1,0.9974
3243,1,1,0.99313
3244,1,1,0.98781
3245,1,1,0.99722
3246,1,1,0.98676
3247,1,1,0.97394
3248,1,1,0.89204
3249,1,1,0.9965
3250,1,1,0.98872
3251,1,1,0.99634
3252,1,1,0.99737
3253,1,1,0.99802
3254,1,1,0.98187
3255,1,1,0.99761
3256,1,0,0.29515
3257,1,1,0.97281
3258,1,1,0.99261
3259,1,1,0.99603
3260,1,1,0.88876
3261,1,0,0.16265
3262,1,1,0.99779
3263,1,1,0.9953
3264,1,1,0.8827
3265,1,1,0.99438
3266,1,0,0.02952
3267,1,1,0.99699
3268,1,1,0.98462
3269,1,1,0.99381
3270,1,1,0.90443
3271,1,1,0.67015
3272,1,1,0.9979
3273,1,1,0.99769
3274,1,1,0.99809
3275,1,1,0.9981
3276,1,1,0.99762
3277,1,1,0.99769
3278,1,1,0.99783
3279,1,1,0.99625
3280,1,1,0.99222
3281,1,1,0.99783
3282,1,1,0.99475
3283,1,1,0.99734
3284,1,1,0.99611
3285,1,1,0.99806
3286,1,1,0.9978
3287,1,1,0.99741
3288,1,1,0.99702
3289,1,1,0.99781
3290,1,1,0.99414
3291,1,1,0.99789
3292,1,1,0.99792
3293,1,1,0.99794
3294,1,1,0.99748
3295,1,1,0.99771
3296,1,1,0.9972
3297,1,1,0.99745
3298,1,1,0.998
3299,1,1,0.92831
3300,1,1,0.99802
3301,1,1,0.99336
3302,1,1,0.99687
3303,1,1,0.98613
3304,1,1,0.99755
3305,1,1,0.92679
3306,1,1,0.9632
3307,1,1,0.95499
3308,1,1,0.99424
3309,1,1,0.99778
3310,1,0,0.3456
3311,1,1,0.99617
3312,1,1,0.9978
3313,1,1,0.99269
3314,1,1,0.998
3315,1,1,0.99793
3316,1,1,0.99792
3317,1,1,0.99762
3318,1,1,0.99468
3319,1,1,0.98559
3320,1,1,0.96913
3321,1,1,0.56239
3322,1,1,0.98108
3323,1,1,0.96432
3324,1,0,0.01352
3325,1,1,0.95584
3326,1,1,0.86522
3327,1,1,0.99798
3328,1,1,0.99799
3329,1,1,0.99808
3330,1,1,0.99787
3331,1,1,0.99793
3332,1,1,0.99785
3333,1,1,0.99783
3334,1,1,0.99812
3335,1,1,0.99798
3336,1,1,0.75002
3337,1,1,0.99774
3338,1,0,0.01322
3339,1,1,0.99788
3340,1,1,0.99786
3341,1,1,0.99569
3342,1,1,0.82213
3343,1,1,0.99706
3344,1,1,0.99774
3345,1,1,0.98951
3346,1,1,0.99809
3347,1,1,0.96272
3348,1,1,0.99803
3349,1,1,0.97549
3350,1,1,0.70193
3351,1,1,0.99732
3352,1,1,0.99429
3353,1,1,0.99787
3354,1,0,0.20882
3355,1,1,0.99773
3356,1,1,0.99797
3357,1,1,0.97305
3358,1,1,0.99794
3359,1,1,0.99772
3360,1,1,0.99651
3361,1,1,0.99797
3362,1,1,0.99773
3363,1,1,0.99387
3364,1,1,0.92722
3365,1,1,0.998
3366,1,0,0.15139
3367,1,1,0.99736
3368,1,1,0.93392
3369,1,0,0.02337
3370,1,1,0.99681
3371,1,1,0.91607
3372,1,1,0.61672
3373,1,1,0.51265
3374,1,1,0.946
3375,1,1,0.99694
3376,1,1,0.99787
3377,1,1,0.99796
3378,1,1,0.99796
3379,1,1,0.99248
3380,1,1,0.99528
3381,1,1,0.98112
3382,1,1,0.96102
3383,1,1,0.99762
3384,1,0,0.25153
3385,1,1,0.99752
3386,1,1,0.99806
3387,1,1,0.99581
3388,1,1,0.99775
3389,1,1,0.99799
3390,1,1,0.98879
3391,1,1,0.99802
3392,1,1,0.99354
3393,1,1,0.99692
3394,1,1,0.98235
3395,1,1,0.99787
3396,1,1,0.99793
3397,1,1,0.84077
3398,1,1,0.99802
3399,1,1,0.99779
3400,1,1,0.99788
3401,1,1,0.99796
3402,1,1,0.99732
3403,1,1,0.99806
3404,1,1,0.99666
3405,1,1,0.99075
3406,1,1,0.97484
3407,1,1,0.98947
3408,1,1,0.99802
3409,1,1,0.97406
3410,1,1,0.99784
3411,1,1,0.96832
3412,1,1,0.99676
3413,1,1,0.99783
3414,1,1,0.99799
3415,1,1,0.99811
3416,1,1,0.98796
3417,1,1,0.99793
3418,1,1,0.99797
3419,1,1,0.99356
3420,1,1,0.99726
3421,1,1,0.99771
3422,1,1,0.99751
3423,1,0,0.03756
3424,1,1,0.99799
3425,1,1,0.98441
3426,1,1,0.99799
3427,1,1,0.99769
3428,1,1,0.94117
3429,1,1,0.95183
3430,1,1,0.99249
3431,1,1,0.87003
3432,1,0,0.10767
3433,1,1,0.96417
3434,1,1,0.99213
3435,1,1,0.97996
3436,1,1,0.99638
3437,1,1,0.99792
3438,1,0,0.04559
3439,1,1,0.99792
3440,1,1,0.99748
3441,1,0,0.00554
3442,1,1,0.93753
3443,1,0,0.08755
3444,1,1,0.99593
3445,1,1,0.99588
3446,1,1,0.97835
3447,1,1,0.998
3448,1,1,0.99802
3449,1,0,0.44023
3450,1,1,0.93635
3451,1,1,0.99784
3452,1,1,0.99437
3453,1,1,0.99799
3454,1,1,0.98008
3455,1,1,0.99784
3456,1,1,0.99395
3457,1,0,0.13797
3458,1,1,0.98204
3459,1,1,0.9979
3460,1,1,0.99548
3461,1,1,0.98969
3462,1,1,0.98708
3463,1,1,0.98251
3464,1,1,0.99173
3465,1,1,0.99708
3466,1,1,0.99689
3467,1,1,0.99256
3468,1,1,0.99365
3469,1,1,0.99723
3470,1,1,0.99287
3471,1,1,0.94231
3472,1,1,0.93577
3473,1,0,0.12186
3474,1,1,0.85443
3475,1,1,0.98876
3476,1,1,0.99613
3477,1,0,0.03013
3478,1,1,0.9671
3479,1,1,0.95685
3480,1,1,0.98668
3481,1,1,0.99784
3482,1,1,0.76263
3483,1,1,0.64679
3484,1,1,0.998
3485,1,1,0.76632
3486,1,1,0.99631
3487,1,1,0.9979
3488,1,1,0.99802
3489,1,0,0.42218
3490,1,0,0.01133
3491,1,1,0.99239
3492,1,0,0.08322
3493,1,0,0.4093
3494,1,1,0.99729
3495,1,1,0.71158
3496,1,1,0.98116
3497,1,1,0.99807
3498,1,1,0.99808
3499,1,1,0.99591
3500,1,1,0.99778
3501,1,1,0.99634
3502,1,1,0.99559
3503,1,1,0.99803
3504,1,1,0.99768
3505,1,1,0.99088
3506,1,1,0.99702
3507,1,1,0.99536
3508,1,1,0.99066
3509,1,1,0.99643
3510,1,1,0.99808
3511,1,1,0.99783
3512,1,1,0.79567
3513,1,1,0.98794
3514,1,1,0.99794
3515,1,1,0.99438
3516,1,1,0.84075
3517,1,1,0.98564
3518,1,1,0.98532
3519,1,1,0.99071
3520,1,1,0.99801
3521,1,1,0.996
3522,1,1,0.99358
3523,1,1,0.91973
3524,1,1,0.65221
3525,1,1,0.99731
3526,1,1,0.99752
3527,1,1,0.998
3528,1,1,0.99618
3529,1,1,0.99178
3530,1,1,0.99336
3531,1,1,0.99799
3532,1,1,0.99804
3533,1,1,0.99797
3534,1,1,0.99794
3535,1,1,0.99792
3536,1,1,0.99778
3537,1,1,0.98384
3538,1,0,0.45629
3539,1,1,0.99441
3540,1,1,0.94515
3541,1,1,0.97906
3542,1,1,0.99671
3543,1,1,0.99787
3544,1,1,0.99734
3545,1,1,0.99311
3546,1,1,0.99804
3547,1,1,0.9978
3548,1,1,0.99785
3549,1,1,0.99076
3550,1,1,0.97055
3551,1,1,0.99777
3552,1,1,0.96759
3553,1,1,0.98623
3554,1,1,0.9979
3555,1,1,0.99644
3556,1,1,0.98838
3557,1,1,0.98432
3558,1,1,0.9817
3559,1,1,0.77383
3560,1,1,0.9911
3561,1,1,0.82448
3562,1,1,0.88121
3563,1,1,0.99758
3564,1,0,0.09063
3565,1,1,0.99067
3566,1,0,0.18339
3567,1,1,0.97256
3568,1,1,0.89248
3569,1,1,0.97249
3570,1,1,0.99788
3571,1,1,0.99719
3572,1,1,0.99118
3573,1,1,0.82352
3574,1,1,0.99595
3575,1,1,0.96766
3576,1,1,0.99775
3577,1,1,0.84242
3578,1,1,0.97341
3579,1,1,0.67642
3580,1,1,0.99809
3581,1,1,0.99788
3582,1,1,0.99801
3583,1,1,0.99805
3584,1,1,0.99805
3585,1,1,0.99715
3586,1,1,0.99727
3587,1,1,0.99806
3588,1,1,0.998
3589,1,1,0.99798
3590,1,1,0.99771
3591,1,1,0.99795
3592,1,1,0.99784
3593,1,1,0.99804
3594,1,1,0.99794
3595,1,1,0.99769
3596,1,1,0.99795
3597,1,1,0.99771
3598,1,1,0.99804
3599,1,1,0.99798
3600,1,1,0.99788
3601,1,1,0.99806
3602,1,1,0.99799
3603,1,1,0.99799
3604,1,1,0.99634
3605,1,1,0.99782
3606,1,1,0.67412
3607,1,1,0.99788
3608,1,1,0.99804
3609,1,1,0.99812
3610,1,1,0.99809
3611,1,1,0.99802
3612,1,1,0.99679
3613,1,1,0.99791
3614,1,1,0.99813
3615,1,1,0.99809
3616,1,1,0.99804
3617,1,1,0.99794
3618,1,1,0.99776
3619,1,1,0.99811
3620,1,1,0.99785
3621,1,1,0.99779
3622,1,1,0.99804
3623,1,1,0.99797
3624,1,1,0.99752
3625,1,1,0.99586
3626,1,1,0.99774
3627,1,1,0.90221
3628,1,1,0.95953
3629,1,1,0.99473
3630,1,1,0.99628
3631,1,1,0.9691
3632,1,1,0.99738
3633,1,1,0.9809
3634,1,1,0.77848
3635,1,1,0.99781
3636,1,1,0.99794
3637,1,1,0.91059
3638,1,1,0.99798
3639,1,0,0.21305
3640,1,1,0.99788
3641,1,1,0.99253
3642,1,1,0.99382
3643,1,1,0.9956
3644,1,1,0.9981
3645,1,0,0.13033
3646,1,0,0.4429
3647,1,0,0.06143
3648,1,1,0.99802
3649,1,1,0.99507
3650,1,1,0.98443
3651,1,1,0.63406
3652,1,1,0.99792
3653,1,1,0.76198
3654,1,1,0.99781
3655,1,1,0.91754
3656,1,0,0.02827
3657,1,1,0.99724
3658,1,1,0.93251
3659,1,1,0.98755
3660,1,1,0.99803
3661,1,1,0.98637
3662,1,0,0.4675
3663,1,0,0.07318
3664,1,1,0.99473
3665,1,1,0.91941
3666,1,1,0.99377
3667,1,0,0.04087
3668,1,1,0.97733
3669,1,1,0.9962
3670,1,1,0.99786
3671,1,1,0.997
3672,1,1,0.94507
3673,1,0,0.33123
3674,1,1,0.95895
3675,1,1,0.99799
3676,1,1,0.9617
3677,1,1,0.61251
3678,1,0,0.20499
3679,1,1,0.99751
3680,1,1,0.99602
3681,1,1,0.98159
3682,1,1,0.97703
3683,1,1,0.98778
3684,1,1,0.99383
3685,1,0,0.11795
3686,1,1,0.92116
3687,1,1,0.98667
3688,1,1,0.99334
3689,1,1,0.9657
3690,1,1,0.98634
3691,1,1,0.99418
3692,1,1,0.99806
3693,1,1,0.99737
3694,1,1,0.99774
3695,1,1,0.98278
3696,1,1,0.88948
3697,1,1,0.98557
3698,1,1,0.998
3699,1,1,0.99347
3700,1,1,0.99198
3701,1,1,0.99408
3702,1,1,0.99776
3703,1,1,0.99774
3704,1,1,0.99729
3705,1,1,0.99782
3706,1,1,0.9841
3707,1,1,0.90112
3708,1,1,0.99811
3709,1,1,0.99505
3710,1,1,0.99792
3711,1,1,0.99797
3712,1,1,0.99811
3713,1,1,0.99773
3714,1,1,0.99773
3715,1,1,0.99784
3716,1,1,0.99798
3717,1,1,0.99764
3718,1,1,0.99533
3719,1,1,0.99803
3720,1,1,0.99796
3721,1,1,0.99783
3722,1,1,0.99779
3723,1,1,0.99781
3724,1,1,0.99807
3725,1,1,0.9979
3726,1,1,0.99739
3727,1,1,0.99789
3728,1,1,0.99801
3729,1,1,0.99767
3730,1,1,0.99772
3731,1,1,0.99773
3732,1,1,0.99791
3733,1,1,0.9976
3734,1,1,0.99788
3735,1,1,0.99714
3736,1,1,0.99784
3737,1,1,0.99783
3738,1,1,0.99789
3739,1,1,0.99782
3740,1,1,0.99773
3741,1,1,0.99765
3742,1,1,0.99794
3743,1,1,0.99781
3744,1,1,0.99403
3745,1,1,0.99792
3746,1,1,0.98902
3747,1,0,0.2585
3748,1,1,0.99736
3749,1,1,0.99786
3750,1,1,0.99787
3751,1,1,0.68298
3752,1,1,0.99798
3753,1,1,0.99798
3754,1,1,0.99793
3755,1,1,0.93392
3756,1,1,0.99693
3757,1,1,0.97917
3758,1,1,0.99648
3759,1,0,0.42126
3760,1,1,0.9977
3761,1,1,0.99479
3762,1,1,0.97641
3763,1,1,0.84608
3764,1,1,0.9971
3765,1,1,0.97983
3766,1,1,0.96351
3767,1,1,0.99665
3768,1,1,0.99507
3769,1,1,0.94876
3770,1,1,0.99595
3771,1,1,0.63759
3772,1,0,0.02682
3773,1,1,0.96559
3774,1,0,0.03918
3775,1,1,0.99815
3776,1,1,0.99804
3777,1,1,0.97876
3778,1,1,0.91432
3779,1,1,0.98371
3780,1,0,0.49506
3781,1,1,0.99167
3782,1,1,0.99306
3783,1,1,0.94762
3784,1,1,0.99152
3785,1,0,0.00502
3786,1,1,0.99708
3787,1,1,0.99544
3788,1,1,0.99765
3789,1,1,0.99781
3790,1,1,0.99787
3791,1,1,0.99719
3792,1,1,0.99356
3793,1,1,0.99795
3794,1,1,0.99786
3795,1,1,0.99779
3796,1,1,0.99746
3797,1,1,0.9976
3798,1,1,0.99749
3799,1,1,0.99789
3800,1,1,0.99789
3801,1,1,0.97981
3802,1,1,0.99377
3803,1,1,0.99752
3804,1,1,0.99803
3805,1,1,0.99794
3806,1,1,0.99645
3807,1,1,0.99809
3808,1,1,0.99804
3809,1,1,0.99789
3810,1,1,0.99754
3811,1,1,0.99802
3812,1,1,0.98077
3813,1,1,0.9971
3814,1,1,0.9981
3815,1,1,0.99756
3816,1,1,0.99803
3817,1,1,0.99803
3818,1,1,0.99801
3819,1,1,0.99801
3820,1,1,0.99724
3821,1,1,0.99781
3822,1,1,0.99802
3823,1,1,0.99807
3824,1,1,0.99777
3825,1,1,0.99799
3826,1,1,0.99561
3827,1,1,0.99785
3828,1,1,0.998
3829,1,1,0.9981
3830,1,1,0.99753
3831,1,1,0.99775
3832,1,1,0.99738
3833,1,1,0.99726
3834,1,1,0.99789
3835,1,1,0.99797
3836,1,1,0.99797
3837,1,1,0.9972
3838,1,1,0.99715
3839,1,1,0.9977
3840,1,1,0.99783
3841,1,1,0.99588
3842,1,1,0.96929
3843,1,1,0.9933
3844,1,1,0.98848
3845,1,1,0.99244
3846,1,0,0.05233
3847,1,1,0.97379
3848,1,1,0.98876
3849,1,1,0.99734
3850,1,1,0.80188
3851,1,1,0.99744
3852,1,1,0.99788
3853,1,1,0.89464
3854,1,1,0.99714
3855,1,1,0.99798
3856,1,1,0.99704
3857,1,1,0.99738
3858,1,0,0.07183
3859,1,1,0.99797
3860,1,1,0.99452
3861,1,1,0.99629
3862,1,1,0.99665
3863,1,1,0.99799
3864,1,1,0.99776
3865,1,1,0.9972
3866,1,1,0.99758
3867,1,1,0.99538
3868,1,1,0.98284
3869,1,1,0.988
3870,1,1,0.99777
3871,1,1,0.99453
3872,0,0,0.23406
3873,0,0,0.10386
3874,0,0,0.15348
3875,0,0,0.00488
3876,0,0,0.00259
3877,0,0,0.00217
3878,0,0,0.00883
3879,0,0,0.24532
3880,0,0,0.00254
3881,0,0,0.00262
3882,0,0,0.00218
3883,0,0,0.00189
3884,0,0,0.00477
3885,0,0,0.00202
3886,0,0,0.14248
3887,0,0,0.00243
3888,0,0,0.00271
3889,0,0,0.36221
3890,0,0,0.00179
3891,0,0,0.00383
3892,0,0,0.01598
3893,0,0,0.00198
3894,0,0,0.00621
3895,0,0,0.00225
3896,0,0,0.0024
3897,0,0,0.00186
3898,0,0,0.06263
3899,0,0,0.00264
3900,0,0,0.00269
3901,0,0,0.00212
3902,0,0,0.00336
3903,0,0,0.01961
3904,0,0,0.09229
3905,0,0,0.00243
3906,0,0,0.00273
3907,0,1,0.99408
3908,0,0,0.04101
3909,0,0,0.00196
3910,0,0,0.00239
3911,0,0,0.00231
3912,0,0,0.05493
3913,0,0,0.00329
3914,0,0,0.00208
3915,0,0,0.44792
3916,0,0,0.00275
3917,0,0,0.00247
3918,0,0,0.00375
3919,0,0,0.00401
3920,0,0,0.00642
3921,0,0,0.00173
3922,0,0,0.0027
3923,0,0,0.00415
3924,0,0,0.00295
3925,0,0,0.0052
3926,0,0,0.07393
3927,0,0,0.00193
3928,0,0,0.00259
3929,0,0,0.0032
3930,0,0,0.00334
3931,0,0,0.00272
3932,0,1,0.74365
3933,0,0,0.01356
3934,0,0,0.00203
3935,0,0,0.01389
3936,0,0,0.00359
3937,0,0,0.00254
3938,0,0,0.01045
3939,0,0,0.00894
3940,0,0,0.00494
3941,0,0,0.05249
3942,0,0,0.00601
3943,0,0,0.00322
3944,0,0,0.29714
3945,0,0,0.01115
3946,0,0,0.00299
3947,0,0,0.00284
3948,0,0,0.0027
3949,0,0,0.00265
3950,0,0,0.00327
3951,0,0,0.00357
3952,0,0,0.01583
3953,0,0,0.01651
3954,0,0,0.03641
3955,0,0,0.00681
3956,0,0,0.02727
3957,0,0,0.00629
3958,0,0,0.00778
3959,0,0,0.00243
3960,0,0,0.06304
3961,0,0,0.00319
3962,0,0,0.0143
3963,0,0,0.00204
3964,0,0,0.0018
3965,0,0,0.00279
3966,0,0,0.01927
3967,0,0,0.00226
3968,0,0,0.00189
3969,0,0,0.00307
3970,0,0,0.0016
3971,0,0,0.00219
3972,0,0,0.00244
3973,0,0,0.00283
3974,0,0,0.00925
3975,0,0,0.00195
3976,0,0,0.00179
3977,0,0,0.02727
3978,0,0,0.00262
3979,0,0,0.00184
3980,0,0,0.00184
3981,0,0,0.00213
3982,0,0,0.0017
3983,0,0,0.00234
3984,0,0,0.00189
3985,0,0,0.00266
3986,0,0,0.00169
3987,0,0,0.11648
3988,0,0,0.00504
3989,0,0,0.00289
3990,0,0,0.00226
3991,0,0,0.00247
3992,0,0,0.00259
3993,0,0,0.00649
3994,0,0,0.0462
3995,0,0,0.00184
3996,0,0,0.06196
3997,0,0,0.02042
3998,0,0,0.00778
3999,0,0,0.00274
4000,0,0,0.38136
4001,0,0,0.00823
4002,0,0,0.00717
4003,0,0,0.00188
4004,0,1,0.96917
4005,0,0,0.00231
4006,0,0,0.00209
4007,0,0,0.00196
4008,0,0,0.00556
4009,0,0,0.01161
4010,0,0,0.00207
4011,0,0,0.21875
4012,0,0,0.03296
4013,0,0,0.00864
4014,0,1,0.98759
4015,0,0,0.00258
4016,0,0,0.00233
4017,0,0,0.00998
4018,0,0,0.00272
4019,0,0,0.00837
4020,0,0,0.00238
4021,0,0,0.00361
4022,0,0,0.00248
4023,0,0,0.00211
4024,0,0,0.00219
4025,0,0,0.00284
4026,0,0,0.00394
4027,0,0,0.00219
4028,0,0,0.00327
4029,0,0,0.00397
4030,0,0,0.00213
4031,0,0,0.00238
4032,0,0,0.00213
4033,0,0,0.00262
4034,0,0,0.00712
4035,0,0,0.00549
4036,0,0,0.00355
4037,0,0,0.47107
4038,0,0,0.02528
4039,0,0,0.05942
4040,0,0,0.01984
4041,0,0,0.00207
4042,0,0,0.00195
4043,0,0,0.00231
4044,0,1,0.73308
4045,0,0,0.01054
4046,0,0,0.00238
4047,0,0,0.0022
4048,0,0,0.00175
4049,0,0,0.00328
4050,0,0,0.00581
4051,0,0,0.00364
4052,0,0,0.00252
4053,0,0,0.41616
4054,0,0,0.00228
4055,0,0,0.00478
4056,0,0,0.00222
4057,0,0,0.00296
4058,0,0,0.00363
4059,0,0,0.00317
4060,0,0,0.00984
4061,0,0,0.00352
4062,0,0,0.00219
4063,0,0,0.01293
4064,0,0,0.00228
4065,0,1,0.92901
4066,0,0,0.01822
4067,0,0,0.00503
4068,0,0,0.24997
4069,0,0,0.00317
4070,0,0,0.15109
4071,0,0,0.00245
4072,0,1,0.98539
4073,0,0,0.10798
4074,0,0,0.00238
4075,0,1,0.67831
4076,0,1,0.97657
4077,0,0,0.00213
4078,0,0,0.00436
4079,0,0,0.00208
4080,0,0,0.19573
4081,0,0,0.00935
4082,0,1,0.94503
4083,0,0,0.0028
4084,0,0,0.11668
4085,0,0,0.00317
4086,0,0,0.27496
4087,0,1,0.82819
4088,0,0,0.22147
4089,0,0,0.01881
4090,0,0,0.00784
4091,0,0,0.00202
4092,0,0,0.09139
4093,0,0,0.00492
4094,0,0,0.06289
4095,0,0,0.00182
4096,0,1,0.99728
4097,0,0,0.00394
4098,0,0,0.05104
4099,0,1,0.99308
4100,0,0,0.00234
4101,0,0,0.00701
4102,0,0,0.00624
4103,0,0,0.00283
4104,0,0,0.00239
4105,0,1,0.92848
4106,0,0,0.00192
4107,0,0,0.00203
4108,0,0,0.00221
4109,0,0,0.00447
4110,0,0,0.00657
4111,0,0,0.00247
4112,0,0,0.27917
4113,0,0,0.00166
4114,0,0,0.00348
4115,0,0,0.00232
4116,0,0,0.00306
4117,0,0,0.00206
4118,0,0,0.06127
4119,0,0,0.00884
4120,0,1,0.53857
4121,0,0,0.47499
4122,0,0,0.00222
4123,0,0,0.00169
4124,0,0,0.12427
4125,0,0,0.00275
4126,0,0,0.00334
4127,0,0,0.02119
4128,0,0,0.00444
4129,0,0,0.00841
4130,0,0,0.00331
4131,0,1,0.56819
4132,0,0,0.01842
4133,0,0,0.05933
4134,0,0,0.01604
4135,0,0,0.30633
4136,0,0,0.02478
4137,0,0,0.0116
4138,0,0,0.00506
4139,0,0,0.01294
4140,0,0,0.00243
4141,0,0,0.01133
4142,0,0,0.04587
4143,0,1,0.52114
4144,0,0,0.00219
4145,0,0,0.00572
4146,0,1,0.83248
4147,0,0,0.01941
4148,0,0,0.00849
4149,0,1,0.99749
4150,0,0,0.18728
4151,0,0,0.00183
4152,0,0,0.35936
4153,0,0,0.00237
4154,0,0,0.00333
4155,0,1,0.92241
4156,0,0,0.00279
4157,0,0,0.19995
4158,0,0,0.09161
4159,0,1,0.98689
4160,0,1,0.79352
4161,0,0,0.00967
4162,0,0,0.01702
4163,0,0,0.11284
4164,0,0,0.00409
4165,0,0,0.05483
4166,0,0,0.00281
4167,0,0,0.00325
4168,0,0,0.00203
4169,0,0,0.00221
4170,0,1,0.64309
4171,0,0,0.00247
4172,0,0,0.00539
4173,0,0,0.00892
4174,0,0,0.00193
4175,0,1,0.81283
4176,0,0,0.00798
4177,0,0,0.01456
4178,0,1,0.71888
4179,0,0,0.00394
4180,0,0,0.1974
4181,0,0,0.00296
4182,0,0,0.00206
4183,0,1,0.51942
4184,0,0,0.00269
4185,0,0,0.00709
4186,0,0,0.01012
4187,0,0,0.00238
4188,0,0,0.00243
4189,0,1,0.64414
4190,0,0,0.00675
4191,0,0,0.03076
4192,0,0,0.00257
4193,0,0,0.00271
4194,0,0,0.01148
4195,0,0,0.01858
4196,0,0,0.0029
4197,0,0,0.00337
4198,0,0,0.08426
4199,0,0,0.00236
4200,0,0,0.13848
4201,0,0,0.31312
4202,0,1,0.97775
4203,0,0,0.00235
4204,0,0,0.00286
4205,0,0,0.00373
4206,0,0,0.00231
4207,0,1,0.57085
4208,0,0,0.29357
4209,0,0,0.00164
4210,0,0,0.00209
4211,0,0,0.08585
4212,0,0,0.00281
4213,0,0,0.01202
4214,0,0,0.00409
4215,0,0,0.25066
4216,0,0,0.00748
4217,0,0,0.00307
4218,0,0,0.002
4219,0,0,0.00168
4220,0,1,0.7662
4221,0,0,0.00211
4222,0,1,0.93819
4223,0,0,0.00446
4224,0,0,0.10676
4225,0,0,0.00573
4226,0,0,0.44315
4227,0,0,0.01445
4228,0,0,0.0355
4229,0,0,0.00192
4230,0,1,0.76096
4231,0,0,0.00647
4232,0,0,0.00389
4233,0,0,0.00193
4234,0,0,0.00278
4235,0,0,0.00383
4236,0,1,0.98293
4237,0,0,0.00605
4238,0,0,0.00451
4239,0,0,0.00208
4240,0,0,0.00232
4241,0,0,0.19709
4242,0,0,0.00233
4243,0,0,0.07056
4244,0,0,0.00261
4245,0,0,0.00325
4246,0,0,0.00592
4247,0,0,0.01258
4248,0,0,0.01768
4249,0,0,0.0024
4250,0,0,0.49537
4251,0,0,0.00237
4252,0,1,0.95765
4253,0,0,0.00341
4254,0,1,0.77298
4255,0,1,0.94343
4256,0,0,0.04578
4257,0,0,0.00213
4258,0,0,0.00182
4259,0,0,0.08593
4260,0,0,0.0253
4261,0,0,0.00336
4262,0,0,0.00252
4263,0,1,0.92676
4264,0,0,0.00357
4265,0,1,0.87207
4266,0,0,0.00214
4267,0,0,0.00502
4268,0,0,0.00702
4269,0,0,0.01345
4270,0,0,0.01822
4271,0,0,0.00336
4272,0,0,0.00176
4273,0,1,0.81497
4274,0,1,0.94832
4275,0,0,0.00781
4276,0,0,0.0033
4277,0,0,0.25858
4278,0,1,0.96306
4279,0,0,0.00358
4280,0,0,0.00371
4281,0,0,0.00347
4282,0,0,0.00729
4283,0,0,0.00437
4284,0,0,0.01721
4285,0,0,0.10315
4286,0,0,0.02862
4287,0,0,0.00528
4288,0,0,0.00518
4289,0,0,0.25302
4290,0,0,0.00534
4291,0,0,0.0122
4292,0,0,0.00329
4293,0,1,0.9756
4294,0,0,0.00235
4295,0,1,0.77439
4296,0,0,0.01543
4297,0,0,0.37598
4298,0,0,0.00367
4299,0,0,0.00382
4300,0,0,0.00242
4301,0,0,0.00357
4302,0,0,0.00259
4303,0,0,0.00217
4304,0,0,0.00993
4305,0,0,0.00311
4306,0,0,0.0038
4307,0,1,0.99748
4308,0,1,0.74415
4309,0,0,0.00897
4310,0,0,0.00261
4311,0,0,0.0043
4312,0,0,0.01141
4313,0,0,0.01871
4314,0,0,0.00184
4315,0,1,0.7366
4316,0,0,0.00228
4317,0,0,0.00276
4318,0,0,0.00829
4319,0,0,0.00556
4320,0,0,0.01035
4321,0,0,0.23355
4322,0,0,0.00329
4323,0,0,0.09066
4324,0,0,0.0068
4325,0,0,0.00199
4326,0,0,0.00454
4327,0,1,0.96701
4328,0,0,0.00252
4329,0,0,0.00177
4330,0,0,0.00254
4331,0,0,0.00259
4332,0,0,0.17985
4333,0,0,0.00202
4334,0,0,0.002
4335,0,0,0.00188
4336,0,0,0.00196
4337,0,0,0.03257
4338,0,0,0.00189
4339,0,1,0.72094
4340,0,0,0.00267
4341,0,0,0.09816
4342,0,0,0.00355
4343,0,0,0.4857
4344,0,0,0.00259
4345,0,0,0.00207
4346,0,0,0.00222
4347,0,0,0.00423
4348,0,0,0.00241
4349,0,0,0.00224
4350,0,0,0.31541
4351,0,0,0.00435
4352,0,0,0.00293
4353,0,0,0.00608
4354,0,0,0.00395
4355,0,0,0.01429
4356,0,0,0.00532
4357,0,0,0.00261
4358,0,0,0.00693
4359,0,0,0.00202
4360,0,0,0.01107
4361,0,1,0.90057
4362,0,1,0.72416
4363,0,0,0.00241
4364,0,0,0.00676
4365,0,1,0.97976
4366,0,0,0.3723
4367,0,0,0.17738
4368,0,0,0.00357
4369,0,0,0.00365
4370,0,0,0.00297
4371,0,0,0.00263
4372,0,0,0.00176
4373,0,1,0.80928
4374,0,1,0.88437
4375,0,0,0.17404
4376,0,0,0.01399
4377,0,0,0.00184
4378,0,0,0.00187
4379,0,0,0.22386
4380,0,0,0.00913
4381,0,0,0.00195
4382,0,0,0.01324
4383,0,0,0.00404
4384,0,0,0.00224
4385,0,0,0.00255
4386,0,0,0.00349
4387,0,0,0.00235
4388,0,1,0.96663
4389,0,0,0.00277
4390,0,1,0.99707
4391,0,0,0.02476
4392,0,0,0.00976
4393,0,1,0.57831
4394,0,0,0.00446
4395,0,0,0.00348
4396,0,0,0.00624
4397,0,0,0.00425
4398,0,0,0.0041
4399,0,0,0.00169
4400,0,0,0.00206
4401,0,0,0.00234
4402,0,0,0.00187
4403,0,0,0.00383
4404,0,0,0.0122
4405,0,0,0.09579
4406,0,0,0.00647
4407,0,0,0.00277
4408,0,0,0.00209
4409,0,1,0.96282
4410,0,1,0.99065
4411,0,0,0.00247
4412,0,0,0.0039
4413,0,0,0.00205
4414,0,1,0.89573
4415,0,0,0.02524
4416,0,0,0.00295
4417,0,1,0.91409
4418,0,1,0.96653
4419,0,0,0.42522
4420,0,0,0.00207
4421,0,0,0.00223
4422,0,0,0.00265
4423,0,0,0.00269
4424,0,0,0.00819
4425,0,1,0.69854
4426,0,0,0.03498
4427,0,1,0.99255
4428,0,1,0.99391
4429,0,0,0.02643
4430,0,0,0.00471
4431,0,0,0.00268
4432,0,0,0.00273
4433,0,1,0.58754
4434,0,0,0.00181
4435,0,0,0.00566
4436,0,0,0.00469
4437,0,0,0.0037
4438,0,0,0.19955
4439,0,0,0.03567
4440,0,0,0.00459
4441,0,0,0.00329
4442,0,0,0.00681
4443,0,1,0.62174
4444,0,0,0.01975
4445,0,1,0.93936
4446,0,1,0.99444
4447,0,0,0.0167
4448,0,0,0.00199
4449,0,0,0.0509
4450,0,0,0.00239
4451,0,0,0.36688
4452,0,0,0.00831
4453,0,0,0.03984
4454,0,0,0.04483
4455,0,0,0.15722
4456,0,0,0.23831
4457,0,1,0.5881
4458,0,1,0.99787
4459,0,0,0.00448
4460,0,0,0.00761
4461,0,0,0.00543
4462,0,0,0.00201
4463,0,0,0.00206
4464,0,1,0.78748
4465,0,0,0.00508
4466,0,0,0.02004
4467,0,0,0.07608
4468,0,0,0.19663
4469,0,0,0.00533
4470,0,1,0.87023
4471,0,1,0.53462
4472,0,0,0.0252
4473,0,0,0.00695
4474,0,0,0.00189
4475,0,1,0.92626
4476,0,0,0.04167
4477,0,0,0.02073
4478,0,0,0.03022
4479,0,0,0.19585
4480,0,0,0.07518
4481,0,0,0.29672
4482,0,1,0.92482
4483,0,0,0.03978
4484,0,0,0.23739
4485,0,0,0.0057
4486,0,0,0.01113
4487,0,1,0.90624
4488,0,0,0.0021
4489,0,0,0.00716
4490,0,0,0.02131
4491,0,0,0.26715
4492,0,0,0.01495
4493,0,1,0.61688
4494,0,0,0.12328
4495,0,0,0.00315
4496,0,0,0.17602
4497,0,0,0.11677
4498,0,0,0.00246
4499,0,0,0.38696
4500,0,0,0.00419
4501,0,0,0.00765
4502,0,0,0.00245
4503,0,0,0.01278
4504,0,0,0.0018
4505,0,0,0.09679
4506,0,0,0.002
4507,0,0,0.00194
4508,0,0,0.00238
4509,0,0,0.01035
4510,0,0,0.01188
4511,0,1,0.57111
4512,0,0,0.00173
4513,0,0,0.06345
4514,0,1,0.71654
4515,0,0,0.00299
4516,0,1,0.57824
4517,0,0,0.00267
4518,0,0,0.00236
4519,0,0,0.21677
4520,0,0,0.00215
4521,0,0,0.04185
4522,0,0,0.00449
4523,0,0,0.22687
4524,0,0,0.00259
4525,0,0,0.00905
4526,0,0,0.01967
4527,0,0,0.00268
4528,0,0,0.00419
4529,0,0,0.00263
4530,0,0,0.00307
4531,0,0,0.00588
4532,0,1,0.85037
4533,0,0,0.00614
4534,0,0,0.00236
4535,0,0,0.00197
4536,0,1,0.9908
4537,0,0,0.07836
4538,0,0,0.05453
4539,0,0,0.00421
4540,0,0,0.08148
4541,0,0,0.05562
4542,0,0,0.00257
4543,0,0,0.00319
4544,0,0,0.00342
4545,0,0,0.09128
4546,0,0,0.0021
4547,0,0,0.00584
4548,0,0,0.0038
4549,0,1,0.68128
4550,0,0,0.00317
4551,0,0,0.0098
4552,0,0,0.00206
4553,0,0,0.00182
4554,0,0,0.0032
4555,0,1,0.71665
4556,0,0,0.00214
4557,0,0,0.00181
4558,0,0,0.00339
4559,0,0,0.00299
4560,0,0,0.00232
4561,0,0,0.48839
4562,0,0,0.00307
4563,0,0,0.00306
4564,0,0,0.00241
4565,0,1,0.91578
4566,0,0,0.00359
4567,0,0,0.00376
4568,0,0,0.01053
4569,0,0,0.00697
4570,0,0,0.00415
4571,0,0,0.00463
4572,0,0,0.00529
4573,0,0,0.00203
4574,0,0,0.18113
4575,0,0,0.04105
4576,0,0,0.0048
4577,0,0,0.0047
4578,0,0,0.00798
4579,0,0,0.00523
4580,0,0,0.0084
4581,0,0,0.00378
4582,0,1,0.98087
4583,0,0,0.01186
4584,0,0,0.00172
4585,0,0,0.00183
4586,0,0,0.00485
4587,0,0,0.23891
4588,0,0,0.0019
4589,0,1,0.51323
4590,0,1,0.82148
4591,0,0,0.01249
4592,0,0,0.00413
4593,0,0,0.02772
4594,0,0,0.02899
4595,0,1,0.53169
4596,0,0,0.00264
4597,0,0,0.00718
4598,0,0,0.00505
4599,0,0,0.02762
4600,0,0,0.00265
4601,0,0,0.0029
4602,0,0,0.00244
4603,0,0,0.31831
4604,0,0,0.00243
4605,0,0,0.00513
4606,0,0,0.46355
4607,0,0,0.00192
4608,0,0,0.00281
4609,0,0,0.00215
4610,0,0,0.00965
4611,0,0,0.0039
4612,0,0,0.00384
4613,0,0,0.00368
4614,0,1,0.82965
4615,0,0,0.00652
4616,0,0,0.00212
4617,0,0,0.00179
4618,0,0,0.00189
4619,0,0,0.01072
4620,0,0,0.00219
4621,0,0,0.00199
4622,0,0,0.00283
4623,0,0,0.0044
4624,0,0,0.00206
4625,0,1,0.63997
4626,0,0,0.00357
4627,0,0,0.00211
4628,0,0,0.0032
4629,0,0,0.00428
4630,0,0,0.01867
4631,0,1,0.81403
4632,0,0,0.00675
4633,0,0,0.00199
4634,0,0,0.0065
4635,0,0,0.00475
4636,0,0,0.00341
4637,0,0,0.00201
4638,0,0,0.04921
4639,0,0,0.0024
4640,0,0,0.0076
4641,0,0,0.00181
4642,0,0,0.00525
4643,0,0,0.02925
4644,0,0,0.00373
4645,0,1,0.53132
4646,0,0,0.37098
4647,0,0,0.27114
4648,0,1,0.63281
4649,0,0,0.00403
4650,0,0,0.00224
4651,0,0,0.00322
4652,0,1,0.77442
4653,0,0,0.00325
4654,0,0,0.01702
4655,0,0,0.00264
4656,0,0,0.06976
4657,0,0,0.00239
4658,0,0,0.00201
4659,0,0,0.00254
4660,0,0,0.00479
4661,0,0,0.09785
4662,0,0,0.00458
4663,0,0,0.00595
4664,0,0,0.00216
4665,0,0,0.00565
4666,0,0,0.00821
4667,0,0,0.05805
4668,0,0,0.15413
4669,0,0,0.38292
4670,0,1,0.78403
4671,0,1,0.93644
4672,0,0,0.00351
4673,0,0,0.00706
4674,0,0,0.07803
4675,0,0,0.01988
4676,0,0,0.0039
4677,0,0,0.00657
4678,0,0,0.00785
4679,0,0,0.07706
4680,0,0,0.25026
4681,0,0,0.02
4682,0,0,0.01038
4683,0,0,0.00229
4684,0,0,0.00277
4685,0,0,0.00326
4686,0,0,0.00181
4687,0,0,0.0023
4688,0,0,0.00173
4689,0,0,0.00238
4690,0,0,0.00916
4691,0,0,0.06136
4692,0,0,0.00983
4693,0,0,0.00271
4694,0,0,0.00612
4695,0,0,0.00421
4696,0,1,0.666
4697,0,0,0.00291
4698,0,0,0.00304
4699,0,0,0.00219
4700,0,0,0.00247
4701,0,0,0.00479
4702,0,0,0.07181
4703,0,0,0.20967
4704,0,0,0.01324
4705,0,0,0.00234
4706,0,0,0.02117
4707,0,0,0.00255
4708,0,0,0.00369
4709,0,0,0.0021
4710,0,0,0.01912
4711,0,0,0.00327
4712,0,0,0.0025
4713,0,0,0.00251
4714,0,0,0.00242
4715,0,0,0.11123
4716,0,0,0.13277
4717,0,0,0.00257
4718,0,0,0.43454
4719,0,0,0.0108
4720,0,0,0.00198
4721,0,0,0.00664
4722,0,0,0.00491
4723,0,0,0.02605
4724,0,0,0.01854
4725,0,0,0.00213
4726,0,0,0.00228
4727,0,0,0.00172
4728,0,0,0.48375
4729,0,0,0.00206
4730,0,0,0.00185
4731,0,0,0.00194
4732,0,0,0.01284
4733,0,0,0.02483
4734,0,0,0.00666
4735,0,0,0.00212
4736,0,0,0.00177
4737,0,0,0.02514
4738,0,0,0.3559
4739,0,0,0.0024
4740,0,0,0.00269
4741,0,1,0.52861
4742,0,0,0.03269
4743,0,0,0.00237
4744,0,0,0.00996
4745,0,0,0.00257
4746,0,0,0.00466
4747,0,0,0.25857
4748,0,0,0.00236
4749,0,0,0.0735
4750,0,0,0.0023
4751,0,1,0.57889
4752,0,0,0.15282
4753,0,0,0.00322
4754,0,0,0.0022
4755,0,0,0.00416
4756,0,0,0.00186
4757,0,1,0.9133
4758,0,1,0.7032
4759,0,0,0.00207
4760,0,0,0.00215
4761,0,0,0.00517
4762,0,0,0.01213
4763,0,0,0.07138
4764,0,0,0.00413
4765,0,0,0.00275
4766,0,0,0.00236
4767,0,0,0.02176
4768,0,0,0.00484
4769,0,0,0.01631
4770,0,0,0.13492
4771,0,0,0.00218
4772,0,0,0.01964
4773,0,0,0.00231
4774,0,0,0.00589
4775,0,0,0.00231
4776,0,0,0.00237
4777,0,0,0.00549
4778,0,0,0.00346
4779,0,0,0.00197
4780,0,0,0.00237
4781,0,0,0.00356
4782,0,0,0.03136
4783,0,0,0.00796
4784,0,0,0.15564
4785,0,0,0.00292
4786,0,1,0.71378
4787,0,0,0.00651
4788,0,0,0.00332
4789,0,0,0.00529
4790,0,0,0.01454
4791,0,0,0.1352
4792,0,0,0.22795
4793,0,0,0.00512
4794,0,0,0.01466
4795,0,0,0.0061
4796,0,0,0.01955
4797,0,0,0.00201
4798,0,0,0.00206
4799,0,0,0.00203
4800,0,0,0.00595
4801,0,0,0.00192
4802,0,0,0.03961
4803,0,0,0.00184
4804,0,0,0.0019
4805,0,0,0.00306
4806,0,0,0.13389
4807,0,0,0.00732
4808,0,0,0.03711
4809,0,0,0.00509
4810,0,0,0.00342
4811,0,0,0.00801
4812,0,0,0.00478
4813,0,0,0.00989
4814,0,0,0.00335
4815,0,0,0.10462
4816,0,0,0.00254
4817,0,0,0.00552
4818,0,0,0.00299
4819,0,0,0.00328
4820,0,0,0.06662
4821,0,0,0.00364
4822,0,0,0.31867
4823,0,0,0.00192
4824,0,0,0.01326
4825,0,0,0.00467
4826,0,0,0.00973
4827,0,0,0.0265
4828,0,0,0.00399
4829,0,0,0.00578
4830,0,0,0.0515
4831,0,0,0.02494
4832,0,0,0.00288
4833,0,0,0.10028
4834,0,0,0.00176
4835,0,0,0.00478
4836,0,0,0.03335
4837,0,0,0.00186
4838,0,0,0.00269
4839,0,0,0.08002
4840,0,0,0.00455
4841,0,0,0.00365
4842,0,0,0.00336
4843,0,0,0.02831
4844,0,0,0.00189
4845,0,0,0.00269
4846,0,0,0.00565
4847,0,0,0.0018
4848,0,0,0.19977
4849,0,0,0.01314
4850,0,0,0.00198
4851,0,1,0.9514
4852,0,0,0.01951
4853,0,0,0.01802
4854,0,0,0.00218
4855,0,0,0.00484
4856,0,0,0.4067
4857,0,1,0.95592
4858,0,0,0.07695
4859,0,0,0.35238
4860,0,0,0.00281
4861,0,0,0.02619
4862,0,0,0.1274
4863,0,0,0.00258
4864,0,0,0.03127
4865,0,0,0.28694
4866,0,0,0.01546
4867,0,0,0.0021
4868,0,0,0.00306
4869,0,0,0.00483
4870,0,0,0.00489
4871,0,0,0.00682
4872,0,0,0.01454
4873,0,0,0.00724
4874,0,0,0.05257
4875,0,0,0.0025
4876,0,0,0.00271
4877,0,0,0.00202
4878,0,0,0.00377
4879,0,0,0.00247
4880,0,0,0.00303
4881,0,0,0.00208
4882,0,0,0.01033
4883,0,0,0.00301
4884,0,0,0.00199
4885,0,0,0.16344
4886,0,0,0.00807
4887,0,0,0.00452
4888,0,0,0.00205
4889,0,0,0.00181
4890,0,0,0.02732
4891,0,0,0.00275
4892,0,0,0.00216
4893,0,0,0.0019
4894,0,0,0.00267
4895,0,0,0.00265
4896,0,0,0.00271
4897,0,0,0.00351
4898,0,0,0.35696
4899,0,0,0.00183
4900,0,0,0.00246
4901,0,0,0.00204
4902,0,0,0.00347
4903,0,0,0.0021
4904,0,0,0.00203
4905,0,0,0.00435
4906,0,1,0.69837
4907,0,0,0.00235
4908,0,0,0.00745
4909,0,0,0.03546
4910,0,0,0.00541
4911,0,0,0.00337
4912,0,0,0.00202
4913,0,0,0.01529
4914,0,0,0.0619
4915,0,0,0.00498
4916,0,0,0.00297
4917,0,0,0.00187
4918,0,0,0.00402
4919,0,0,0.02724
4920,0,0,0.00372
4921,0,0,0.00221
4922,0,0,0.43955
4923,0,0,0.00338
4924,0,0,0.0032
4925,0,0,0.00185
4926,0,1,0.8858
4927,0,0,0.00426
4928,0,0,0.00535
4929,0,0,0.00248
4930,0,0,0.00212
4931,0,0,0.00275
4932,0,0,0.00264
4933,0,0,0.00525
4934,0,0,0.00297
4935,0,0,0.00199
4936,0,0,0.00315
4937,0,0,0.00244
4938,0,0,0.00186
4939,0,1,0.67187
4940,0,0,0.00163
4941,0,0,0.0038
4942,0,0,0.03267
4943,0,0,0.00204
4944,0,0,0.14247
4945,0,0,0.04868
4946,0,1,0.90664
4947,0,0,0.00343
4948,0,1,0.94548
4949,0,0,0.00444
4950,0,0,0.00183
4951,0,0,0.00368
4952,0,0,0.00425
4953,0,0,0.00307
4954,0,0,0.00201
4955,0,0,0.00563
4956,0,0,0.00212
4957,0,0,0.00232
4958,0,0,0.00256
4959,0,0,0.00247
4960,0,0,0.00184
4961,0,0,0.00449
4962,0,0,0.00412
4963,0,0,0.00246
4964,0,0,0.00193
4965,0,0,0.00707
4966,0,0,0.14035
4967,0,0,0.18637
4968,0,0,0.00207
4969,0,0,0.00238
4970,0,0,0.00165
4971,0,0,0.00245
4972,0,0,0.00267
4973,0,0,0.0026
4974,0,1,0.98603
4975,0,0,0.00254
4976,0,0,0.06841
4977,0,0,0.00331
4978,0,0,0.01605
4979,0,0,0.08771
4980,0,0,0.0164
4981,0,0,0.03155
4982,0,0,0.00214
4983,0,1,0.53132
4984,0,0,0.00194
4985,0,0,0.00676
4986,0,0,0.02034
4987,0,0,0.0263
4988,0,0,0.01951
4989,0,0,0.2237
4990,0,0,0.00216
4991,0,0,0.41977
4992,0,0,0.00218
4993,0,0,0.41694
4994,0,0,0.16704
4995,0,0,0.00699
4996,0,0,0.00235
4997,0,0,0.00213
4998,0,0,0.10762
4999,0,0,0.00176
5000,0,0,0.00284
5001,0,0,0.40606
5002,0,0,0.00366
5003,0,0,0.00402
5004,0,0,0.00422
5005,0,0,0.00205
5006,0,0,0.23503
5007,0,0,0.00302
5008,0,0,0.0254
5009,0,0,0.00258
5010,0,0,0.00201
5011,0,0,0.00226
5012,0,0,0.00586
5013,0,0,0.00424
5014,0,0,0.00356
5015,0,0,0.00749
5016,0,0,0.02173
5017,0,0,0.03059
5018,0,0,0.00434
5019,0,0,0.04609
5020,0,0,0.00201
5021,0,0,0.00159
5022,0,0,0.00439
5023,0,0,0.02779
5024,0,0,0.00302
5025,0,0,0.00211
5026,0,0,0.00225
5027,0,0,0.00171
